value1,value2,value3,value4,value5,value6,value7,value8,value9,value10,value11,value12,value13,value14,value15,value16,value17,value18,value19,value20,value21,value22,value23,value24,value25,value26,value27,value28,value29,value30,value31,value32,value33,value34,value35,value36,value37,value38,value39,value40,value41,value42,value43,value44,value45,value46,value47,value48,value49,value50,value51,value52,value53,value54,value55,value56,value57,value58,value59,value60,value61,value62,value63,value64,value65,value66,value67,value68,value69,value70,value71,value72,value73,value74,value75,value76,value77,value78,value79,value80,value81,value82,value83,value84,value85,value86,value87,value88,value89,value90,value91,value92,value93,value94,value95,value96,value97,value98,value99,value100,species
-470,-533,-458,-620,-883,-823,-545,-439,-596,-641,-341,-134,-250,-245,72,381,410,346,555,835,842,732,821,957,963,867,821,897,886,733,603,647,708,624,457,438,504,410,149,66,177,135,-133,-334,-173,-12,-169,-273,-40,237,258,102,116,280,235,-36,-82,167,311,265,261,474,586,517,470,580,660,637,592,619,653,636,611,597,581,561,540,521,503,486,470,454,438,422,407,394,380,369,356,344,332,322,310,300,291,281,272,262,248,236,0
228,197,98,5,13,-9,-133,-183,-113,-97,-242,-438,-350,-177,-205,-328,-261,-135,-187,-437,-609,-470,-409,-645,-756,-550,-370,-509,-782,-757,-526,-532,-710,-636,-441,-484,-780,-998,-888,-786,-953,-1070,-925,-786,-951,-1240,-1250,-1050,-1080,-1310,-1330,-1160,-1150,-1370,-1520,-1340,-1150,-1270,-1350,-1140,-871,-870,-1020,-930,-629,-537,-668,-610,-355,-222,-390,-586,-460,-282,-390,-530,-402,-203,-269,-542,-633,-477,-457,-678,-757,-616,-542,-740,-971,-903,-786,-921,-1070,-909,-628,-605,-820,-849,-593,-469,0
-635,-697,-529,-394,-533,-750,-716,-613,-745,-963,-922,-726,-717,-935,-1050,-913,-843,-1030,-1100,-955,-870,-1070,-1360,-1360,-1240,-1350,-1520,-1470,-1290,-1230,-1330,-1320,-1080,-922,-1070,-1100,-877,-630,-648,-778,-683,-474,-488,-631,-535,-270,-164,-281,-323,-73,153,137,160,404,665,695,593,699,964,1040,920,957,1140,1210,1040,861,940,1000,806,640,738,872,720,376,229,279,183,-84,-167,-71,-76,-321,-556,-523,-505,-759,-973,-843,-491,-198,48,513,1120,1460,1500,1700,2050,2050,2050,2050,0
2050,2050,2020,1680,1700,1860,1800,1530,1370,1380,1230,788,570,674,708,408,23,-6,75,-107,-358,-307,-137,-230,-509,-514,-205,-77,-237,-236,5,170,9,-246,-188,-2,-39,-180,-74,144,124,-168,-363,-266,-234,-434,-518,-363,-247,-430,-739,-748,-572,-647,-888,-867,-667,-629,-821,-947,-780,-686,-916,-1070,-898,-668,-714,-917,-884,-676,-665,-818,-726,-406,-203,-258,-263,6,214,101,-12,171,444,458,307,368,603,625,422,451,706,824,674,533,666,736,460,218,281,418,0
332,89,70,274,230,-86,-178,1,105,-78,-264,-125,-1,-210,-477,-440,-262,-347,-685,-860,-811,-947,-1290,-1380,-1190,-1080,-1290,-1500,-1430,-1320,-1400,-1450,-1350,-1230,-1260,-1360,-1340,-1220,-1180,-1240,-1210,-1090,-1010,-1060,-1110,-1050,-971,-984,-1000,-956,-884,-861,-885,-869,-809,-773,-779,-757,-707,-673,-680,-678,-642,-594,-582,-577,-542,-500,-487,-498,-486,-453,-427,-428,-418,-388,-358,-357,-358,-337,-302,-295,-298,-279,-244,-233,-250,-249,-218,-187,-196,-195,-164,-132,-145,-166,-153,-123,-130,-149,0
-137,-104,-87,-106,-110,-82,-59,-74,-73,-30,21,9,-28,-18,25,19,-23,-10,43,80,49,24,76,128,89,56,101,182,186,135,156,245,248,169,198,322,390,296,203,276,385,332,245,305,448,427,262,224,343,361,193,130,201,267,177,57,91,167,106,16,43,118,60,-74,-119,-53,-14,-72,-68,23,105,93,73,185,353,370,329,522,889,1100,1070,1070,1310,1430,1250,1100,1200,1310,1140,824,759,868,790,550,489,614,644,448,331,522,0
661,508,400,521,628,410,20,-151,-130,-233,-482,-561,-498,-513,-661,-725,-637,-571,-637,-660,-562,-439,-443,-493,-422,-273,-261,-353,-294,-104,-3,-133,-250,-157,-33,-90,-169,-81,90,88,-90,-117,58,140,12,-4,140,233,106,-49,19,154,115,26,118,291,278,100,57,218,301,196,168,322,472,416,266,330,501,505,432,528,715,776,667,621,786,891,777,714,843,983,916,724,708,807,762,609,603,740,773,602,487,608,716,636,589,733,914,886,0
720,732,928,1000,912,920,1050,1080,934,811,918,1020,906,801,908,1100,1090,936,909,1020,1020,906,901,994,967,736,493,427,327,35,-221,-268,-221,-313,-535,-622,-518,-477,-587,-597,-437,-289,-316,-362,-185,36,71,43,152,330,377,299,331,489,568,545,642,857,987,887,744,848,1030,1020,935,1010,1170,1190,1040,961,1050,1090,995,956,1050,1140,1090,967,979,1070,1030,902,918,1050,1060,916,822,904,952,809,699,780,902,832,634,614,716,683,572,604,0
727,724,560,458,544,578,441,371,470,568,492,341,355,460,418,268,281,409,429,323,273,385,454,347,261,336,445,401,244,213,312,309,180,183,321,373,246,101,148,212,100,-20,17,104,24,-184,-233,-90,-45,-181,-237,-137,-51,-129,-258,-217,-122,-181,-285,-246,-105,-69,-187,-268,-211,-198,-291,-274,-135,-53,-138,-268,-245,-181,-250,-354,-305,-177,-188,-360,-439,-349,-355,-552,-707,-710,-683,-795,-1010,-1100,-1110,-1290,-1540,-1630,-1610,-1670,-1870,-2030,-2010,-2010,0
-2050,-2050,-2050,-2050,-2050,-2050,-2050,-2050,-2050,-2050,-2050,-1960,-1900,-1890,-1860,-1790,-1740,-1750,-1710,-1630,-1540,-1500,-1460,-1390,-1310,-1270,-1250,-1180,-1060,-957,-923,-872,-740,-628,-645,-636,-508,-300,-169,-89,162,489,584,492,586,907,1200,1310,1410,1640,1740,1580,1450,1610,1880,1980,1930,2040,2050,2050,1980,1920,2050,2050,2050,2050,2050,2050,2050,2050,2050,2050,2050,2050,2050,2050,2050,1960,1890,1920,1890,1770,1650,1640,1600,1450,1300,1270,1290,1190,1010,949,1040,1030,854,778,881,940,892,841,0
898,916,796,636,642,715,668,522,491,595,571,420,410,551,616,570,524,597,633,538,419,459,562,564,499,492,563,561,480,451,505,530,493,440,454,468,423,345,352,402,396,354,330,355,353,301,268,284,299,276,236,263,294,273,231,249,276,268,241,225,244,242,215,197,214,219,211,197,197,197,185,166,168,176,169,156,151,156,153,149,145,140,137,133,130,124,122,119,116,113,107,104,103,101,98,93,91,89,87,85,0
83,82,81,77,75,74,72,71,70,69,67,66,64,64,60,59,58,57,57,56,55,55,54,52,52,51,51,49,48,48,44,40,41,42,39,27,24,37,36,13,5,27,37,25,8,29,42,39,32,38,43,43,42,41,43,43,40,39,41,41,40,38,39,40,39,36,36,38,37,29,22,27,25,-3,-30,-11,-7,-72,-205,-221,-155,-204,-355,-364,-253,-252,-425,-570,-382,-253,-365,-443,-267,-108,-157,-316,-274,-115,-149,-357,0
-404,-231,-182,-394,-663,-556,-408,-588,-771,-584,-283,-310,-590,-627,-371,-328,-558,-573,-334,-229,-469,-734,-603,-420,-572,-787,-659,-353,-300,-501,-500,-196,-101,-318,-350,-118,16,-189,-461,-338,-150,-328,-599,-497,-179,-104,-321,-395,-153,-83,-374,-507,-321,-171,-389,-729,-677,-456,-546,-772,-683,-418,-402,-701,-903,-762,-685,-906,-956,-674,-437,-578,-851,-789,-579,-668,-937,-913,-662,-599,-807,-887,-584,-387,-583,-702,-501,-295,-472,-834,-849,-609,-641,-931,-953,-715,-609,-796,-937,-694,0
-472,-587,-677,-460,-178,-213,-459,-445,-205,-229,-508,-517,-246,-117,-327,-532,-370,-201,-376,-552,-406,-174,-257,-572,-658,-433,-362,-525,-489,-217,-73,-263,-478,-329,-116,-245,-467,-427,-280,-386,-681,-722,-456,-393,-636,-673,-395,-211,-378,-604,-467,-241,-300,-427,-211,186,313,134,77,310,374,100,-33,125,263,86,-166,-58,145,36,-189,-72,266,348,91,-52,137,211,-28,-132,67,246,69,-276,-298,-145,-275,-581,-580,-325,-184,-270,-235,163,457,347,279,522,790,690,0
377,373,594,568,329,365,689,918,882,883,1200,1400,1210,1080,1300,1590,1540,1260,1240,1400,1280,905,849,1110,1270,1130,988,1190,1350,1130,906,996,1150,993,624,503,663,597,243,113,235,232,-86,-401,-312,-158,-324,-523,-443,-308,-466,-838,-964,-749,-675,-839,-733,-334,-33,-71,-183,64,372,288,90,218,506,523,260,204,503,603,340,297,598,817,663,401,457,569,329,8,39,214,125,-234,-419,-241,-204,-514,-635,-426,-267,-462,-725,-540,-162,-105,-242,-123,0
106,42,-357,-694,-693,-778,-1180,-1400,-1250,-1130,-1320,-1580,-1460,-1150,-1150,-1330,-1170,-811,-707,-924,-1010,-685,-474,-701,-856,-658,-456,-610,-900,-821,-529,-552,-787,-673,-321,-185,-373,-504,-263,-83,-343,-646,-625,-584,-870,-1230,-1200,-900,-851,-1050,-937,-580,-453,-738,-1000,-851,-712,-941,-1090,-827,-497,-533,-765,-682,-313,-244,-525,-509,-184,-42,-286,-513,-283,16,-51,-156,137,508,521,307,403,836,1010,795,795,1090,1180,788,272,140,93,-333,-869,-994,-913,-1020,-1240,-1230,-986,-893,0
-1070,-1010,-660,-328,-380,-501,-227,138,96,-108,97,459,471,181,69,344,487,216,69,278,385,73,-309,-268,-24,-99,-338,-181,186,297,87,-12,288,512,299,192,476,723,579,320,435,747,745,538,707,1100,1230,1030,952,1260,1450,1200,993,1170,1360,1170,800,768,1010,983,666,650,891,905,552,278,423,505,148,-166,-9,240,152,-133,-130,154,172,-114,-52,353,557,362,210,474,696,442,153,336,637,584,309,329,649,679,332,273,596,805,618,412,0
629,845,614,308,432,680,586,249,186,480,546,236,197,530,725,491,212,372,659,544,269,433,771,755,406,245,470,541,213,51,279,442,214,-68,66,331,210,-85,69,469,553,277,164,492,707,476,387,715,994,872,625,740,1060,1070,864,994,1310,1350,1130,1000,1240,1360,1210,1090,1220,1310,1210,1050,1070,1170,1110,936,921,1010,981,808,660,740,784,628,481,576,656,524,251,187,325,214,-169,-298,-173,-232,-651,-1030,-951,-819,-1090,-1380,-1240,-968,0
-1050,-1350,-1390,-1120,-1090,-1400,-1430,-1080,-865,-1020,-1180,-953,-694,-827,-1050,-855,-520,-531,-833,-926,-675,-593,-889,-989,-689,-446,-614,-846,-695,-428,-539,-818,-712,-436,-465,-760,-843,-558,-434,-718,-861,-636,-438,-579,-823,-740,-521,-645,-970,-897,-582,-554,-849,-986,-731,-593,-872,-1030,-748,-452,-487,-642,-455,-84,-69,-322,-230,101,181,-86,-277,-75,67,-174,-361,-147,144,112,-85,21,352,374,98,130,440,520,230,-26,108,264,44,-162,27,321,301,81,105,402,473,227,0
213,470,554,278,3,114,244,-19,-310,-198,40,-26,-318,-347,-40,83,-92,-38,307,521,400,266,530,844,758,568,760,1100,1120,890,867,1160,1290,1070,1030,1320,1500,1310,1040,1120,1320,1190,914,961,1160,1110,787,616,764,771,443,283,459,571,336,18,70,276,162,-134,-103,123,145,-116,-282,-145,-107,-417,-590,-358,-113,-232,-484,-375,-42,0,-199,-83,260,391,218,114,340,491,274,118,316,538,416,121,112,330,282,-44,-117,50,33,-316,-617,-532,0
-444,-724,-971,-813,-587,-712,-1030,-1060,-858,-901,-1230,-1280,-1070,-1030,-1290,-1500,-1360,-1210,-1450,-1700,-1550,-1270,-1290,-1520,-1510,-1210,-1090,-1270,-1190,-823,-610,-793,-1010,-820,-545,-668,-926,-812,-550,-610,-909,-982,-748,-713,-1020,-1080,-812,-659,-888,-1130,-1050,-914,-1110,-1290,-1230,-1080,-1090,-1190,-1170,-1020,-961,-1060,-1050,-925,-838,-894,-932,-829,-708,-744,-804,-712,-540,-477,-542,-521,-343,-235,-365,-390,-212,-27,-117,-266,-166,90,80,-123,-27,299,428,243,132,370,532,292,134,386,643,471,0
108,84,321,309,67,118,421,530,320,171,342,371,-74,-440,-425,-359,-477,-602,-547,-397,-434,-572,-521,-332,-229,-321,-358,-185,-17,-147,-234,-54,227,229,72,171,505,566,299,304,614,765,552,333,493,706,521,273,440,739,692,405,374,667,756,471,377,612,716,436,130,227,433,267,-1,130,424,407,139,102,413,525,235,151,448,647,460,234,400,677,578,290,392,717,749,434,256,471,570,280,144,384,540,313,-11,60,340,251,-82,-40,0
240,234,-107,-334,-199,-145,-446,-616,-365,-69,-113,-295,-154,197,211,-62,0,342,450,202,40,282,485,300,171,461,806,793,596,694,1040,1110,840,841,1110,1140,768,422,481,534,173,-179,-67,152,10,-324,-325,2,69,-221,-246,89,284,136,6,284,592,481,294,528,872,828,499,384,579,524,69,-119,98,194,-117,-483,-420,-231,-411,-713,-606,-317,-347,-631,-681,-380,-243,-501,-620,-369,-156,-312,-547,-412,-164,-298,-604,-483,-133,-61,-285,-343,-28,153,0
-70,-186,75,330,224,29,224,548,445,100,161,454,439,56,-204,-65,-23,-389,-657,-483,-245,-369,-650,-589,-337,-468,-865,-824,-460,-329,-567,-652,-323,-146,-486,-747,-580,-315,-389,-601,-468,-118,-149,-521,-517,-174,-45,-332,-550,-360,-205,-494,-679,-473,-162,-228,-474,-405,-97,-114,-429,-380,-35,74,-221,-408,-157,124,-68,-326,-155,184,192,-56,-37,314,450,170,147,523,753,546,349,646,1030,951,740,992,1420,1440,1140,1100,1450,1580,1290,1220,1550,1750,1500,1210,0
1360,1650,1530,1240,1380,1710,1690,1350,1220,1480,1590,1300,1160,1410,1560,1300,929,954,1160,994,616,648,913,866,485,290,529,650,330,149,401,611,413,91,148,448,422,139,246,643,756,500,394,755,1030,834,681,976,1270,1150,832,875,1200,1240,946,948,1240,1320,1050,853,1080,1250,1030,772,952,1190,1080,776,724,937,904,563,454,658,692,402,128,274,468,282,56,281,608,572,311,288,557,589,290,231,524,677,503,260,409,611,457,168,250,434,0
283,-149,-373,-234,-306,-807,-1100,-963,-875,-1160,-1460,-1330,-1050,-1140,-1390,-1190,-740,-583,-742,-727,-332,-105,-314,-375,-33,235,81,-201,-77,226,133,-219,-213,25,-36,-441,-717,-597,-582,-983,-1270,-1110,-915,-1060,-1300,-1160,-817,-806,-1030,-881,-508,-428,-714,-901,-699,-613,-1000,-1360,-1240,-1090,-1350,-1810,-1900,-1720,-1800,-2050,-2050,-1820,-1710,-1870,-1910,-1670,-1470,-1650,-1720,-1500,-1180,-1130,-1240,-1070,-637,-498,-683,-517,25,364,275,212,602,995,925,770,1030,1420,1430,1190,1210,1570,1670,1370,0
1320,1630,1770,1480,1190,1360,1600,1430,1150,1290,1600,1560,1220,1100,1320,1350,1010,886,1140,1280,1060,820,1000,1260,1120,841,969,1280,1300,1020,906,1150,1230,920,785,1030,1180,963,641,698,906,774,445,492,753,740,443,328,611,759,499,330,562,757,596,304,372,626,538,233,312,620,656,390,228,455,596,371,184,386,588,473,202,240,482,441,160,180,456,508,273,83,294,457,256,52,266,498,413,169,193,424,400,105,55,300,374,155,-61,99,0
265,91,-118,54,294,220,-53,-82,181,215,-75,-167,69,196,13,-195,-33,169,10,-250,-124,153,131,-151,-233,2,40,-282,-419,-195,-70,-311,-613,-535,-344,-525,-860,-788,-499,-491,-764,-824,-535,-420,-711,-820,-504,-225,-325,-539,-404,-124,-186,-441,-331,-9,18,-266,-393,-140,-6,-268,-422,-193,28,-102,-362,-273,-3,-59,-324,-231,76,121,-166,-333,-74,129,-103,-301,-97,135,5,-302,-297,-33,-12,-269,-251,18,93,-148,-321,-129,18,-214,-419,-219,52,-2,0
-241,-193,87,80,-241,-286,-41,40,-233,-466,-262,-43,-230,-458,-266,39,-11,-314,-331,-43,-2,-307,-361,-92,67,-108,-310,-135,74,-98,-355,-205,70,19,-254,-257,48,112,-209,-307,-26,170,10,-231,-123,102,10,-215,-83,192,152,-145,-220,35,103,-210,-344,-93,103,-61,-322,-217,26,-71,-358,-261,66,136,-120,-269,-46,96,-140,-296,-89,105,-50,-321,-231,12,-88,-420,-375,-74,-12,-267,-423,-194,-7,-234,-434,-233,-9,-131,-364,-264,4,-40,-342,-307,0
-1,71,-205,-388,-156,26,-195,-397,-185,104,41,-229,-226,17,3,-298,-297,17,160,-71,-282,-86,122,-71,-299,-124,137,82,-170,-163,87,90,-229,-266,38,192,-17,-226,-42,180,2,-259,-91,210,172,-124,-184,73,140,-153,-241,34,216,33,-204,-74,140,18,-217,-105,152,133,-140,-215,42,135,-137,-232,27,230,60,-201,-87,160,51,-225,-139,146,182,-52,-148,82,193,-73,-198,53,245,89,-140,-18,244,162,-147,-109,169,213,-61,-225,5,153,0
-108,-295,-66,193,75,-221,-190,72,54,-235,-212,92,193,-52,-215,-2,145,-98,-273,-56,179,65,-216,-196,48,50,-195,-168,102,183,-62,-254,-70,93,-118,-343,-169,112,76,-158,-147,115,120,-186,-228,27,129,-89,-279,-87,136,-3,-204,-26,244,172,-123,-164,93,151,-150,-259,-24,137,-21,-238,-149,-12,-201,-454,-323,-10,35,-182,-232,11,92,-169,-284,-67,128,6,-185,-56,147,18,-244,-156,129,187,-35,-145,61,168,-68,-188,37,235,76,-198,0
-141,90,38,-211,-147,138,204,-28,-166,51,195,-40,-212,-24,194,98,-137,-86,135,90,-165,-135,133,214,-19,-178,34,203,-9,-215,-44,209,129,-151,-166,39,25,-245,-257,10,119,-86,-245,-54,117,-74,-273,-105,129,57,-195,-182,65,72,-200,-206,77,193,-53,-275,-91,109,-49,-253,-78,182,97,-220,-273,-10,53,-232,-316,-65,85,-124,-366,-229,-8,-131,-365,-230,60,58,-184,-205,76,146,-156,-248,28,229,57,-187,-78,148,65,-155,-52,208,0
195,-76,-162,124,276,18,-121,105,310,154,-114,-42,167,51,-267,-253,-8,27,-193,-289,-68,43,-218,-347,-62,195,72,-179,-108,139,73,-219,-179,119,199,-51,-210,6,156,-93,-298,-106,128,21,-247,-195,82,56,-247,-254,9,91,-122,-242,28,246,49,-148,57,358,310,34,17,265,300,52,43,307,408,173,-38,137,325,137,-65,124,394,324,29,4,249,264,-36,-88,196,357,165,-50,103,322,163,-102,10,289,278,32,-12,230,280,3,0
-61,198,345,137,-102,22,236,103,-163,-71,200,200,-57,-140,81,155,-118,-244,-14,187,35,-225,-153,38,-99,-377,-282,-4,-18,-330,-476,-237,-98,-357,-540,-379,-260,-522,-925,-1000,-929,-1150,-1550,-1600,-1460,-1480,-1640,-1640,-1500,-1450,-1570,-1600,-1510,-1430,-1450,-1470,-1420,-1350,-1330,-1300,-1250,-1200,-1160,-1120,-1080,-1030,-996,-958,-922,-887,-854,-822,-791,-760,-731,-705,-678,-650,-626,-601,-579,-555,-534,-514,-493,-474,-456,-438,-421,-405,-389,-373,-359,-344,-330,-316,-305,-293,-281,-268,0
-259,-248,-236,-228,-217,-210,-200,-193,-182,-173,-168,-161,-150,-138,-136,-132,-119,-98,-100,-101,-77,-30,-26,-56,-45,11,34,-18,-8,80,153,101,50,124,240,195,101,154,288,285,163,145,263,321,196,184,364,546,437,273,355,533,435,224,274,486,515,307,244,465,625,404,277,486,732,634,406,503,805,810,583,710,1110,1280,1110,1010,1280,1490,1270,1090,1310,1570,1460,1170,1210,1480,1460,1160,1190,1520,1620,1340,1130,1350,1570,1340,1040,1120,1300,1160,0
787,695,867,818,475,400,651,781,551,321,508,765,624,375,518,809,764,454,389,643,684,385,331,629,796,581,328,466,664,448,106,193,454,394,61,-51,185,244,-92,-253,-22,134,-113,-460,-461,-361,-636,-1070,-1090,-876,-935,-1260,-1380,-1160,-1090,-1390,-1480,-1250,-1050,-1170,-1340,-1220,-1000,-1080,-1250,-1140,-871,-793,-969,-998,-762,-610,-821,-913,-742,-541,-637,-797,-678,-390,-371,-589,-525,-262,-206,-444,-540,-345,-218,-453,-572,-393,-134,-188,-390,-307,-20,12,-201,-108,0
259,433,227,74,314,507,266,34,195,422,323,39,42,289,253,-86,-125,139,241,-9,-203,-17,171,-27,-217,49,452,489,249,269,620,732,439,346,581,684,412,120,233,411,176,-187,-136,86,7,-310,-371,-87,17,-245,-273,103,396,269,73,300,676,634,391,552,913,957,694,615,923,1080,797,683,1030,1350,1230,978,1110,1410,1330,1030,1130,1460,1510,1240,1140,1400,1540,1230,1000,1170,1340,1100,691,642,834,742,429,507,874,1010,812,738,1050,1270,0
1040,874,1140,1400,1250,917,945,1220,1160,773,668,854,836,452,128,200,250,-99,-403,-236,25,-70,-353,-298,32,88,-147,-84,262,420,215,36,257,472,240,-61,42,245,82,-310,-425,-243,-301,-706,-809,-539,-381,-581,-786,-584,-334,-506,-761,-568,-212,-215,-486,-494,-172,-70,-369,-481,-219,-38,-243,-518,-411,-219,-434,-778,-686,-408,-458,-777,-828,-491,-349,-648,-746,-417,-141,-248,-456,-296,-9,-88,-345,-202,156,227,-17,-81,252,456,247,164,467,720,549,245,0
297,487,297,-98,-87,160,114,-268,-499,-333,-278,-612,-828,-636,-435,-578,-824,-711,-403,-455,-787,-729,-349,-179,-371,-492,-198,32,-219,-457,-238,28,-97,-420,-418,-139,-135,-466,-494,-200,-74,-296,-471,-221,16,-196,-427,-209,130,87,-197,-181,133,169,-158,-212,85,227,-21,-268,-107,86,-129,-420,-266,49,10,-298,-341,-28,58,-244,-306,10,203,19,-184,-4,233,64,-228,-71,277,295,35,34,427,617,369,313,672,963,848,635,835,1170,1080,756,837,1120,0
1060,666,467,682,758,388,157,354,514,258,-130,-136,18,-202,-637,-669,-417,-405,-712,-827,-500,-283,-518,-649,-337,8,-29,-233,-97,234,214,-84,-11,342,437,166,-7,229,405,149,-19,312,682,588,260,278,553,484,52,-59,149,145,-233,-513,-315,-121,-381,-658,-445,-121,-201,-502,-455,-101,-50,-356,-321,91,344,203,81,388,725,612,392,601,944,914,631,617,932,996,667,597,902,1080,869,601,740,948,746,449,588,904,885,595,550,872,989,697,0
609,920,1130,921,641,772,1000,802,428,518,828,797,461,342,619,745,448,294,538,726,513,193,273,530,419,104,205,573,659,392,267,561,755,512,364,662,944,808,528,625,922,866,556,630,972,1050,787,634,871,1010,784,596,804,1010,888,604,594,797,746,476,515,778,811,587,411,603,731,524,310,502,710,624,372,359,578,566,315,285,505,550,356,183,377,525,358,114,241,461,417,183,138,328,311,10,-76,178,296,119,-70,107,0
297,161,-75,43,296,275,34,-29,203,250,-7,-104,139,277,125,-86,35,219,76,-215,-131,150,168,-42,-90,172,265,60,-35,169,266,51,-268,-220,-8,-133,-477,-462,-188,-168,-478,-674,-493,-451,-871,-1200,-1110,-1030,-1350,-1800,-1880,-1750,-1950,-2050,-2050,-2050,-2050,-2050,-2050,-2050,-2050,-2050,-2050,-2050,-2050,-2050,-2050,-2050,-2050,-2050,-2050,-2050,-2050,-1990,-1990,-1950,-1800,-1670,-1690,-1670,-1530,-1350,-1330,-1360,-1270,-1070,-995,-1050,-949,-669,-456,-530,-568,-274,2,-148,-302,-9,411,477,0
293,370,744,886,683,741,1140,1360,1190,970,1170,1460,1350,1110,1240,1550,1520,1230,1210,1530,1620,1300,1180,1450,1640,1440,1170,1290,1520,1360,1060,1170,1460,1420,1110,1020,1310,1420,1100,949,1200,1390,1200,914,982,1180,1030,694,749,1060,1090,809,689,941,1070,792,609,820,1030,901,633,696,930,835,540,615,917,951,659,487,710,821,508,296,529,788,682,406,435,681,641,312,269,499,534,263,86,294,457,230,27,232,480,371,85,128,411,394,66,44,0
357,464,200,-25,145,333,165,-37,148,425,359,66,28,290,305,-18,-75,209,354,140,-84,65,266,117,-104,52,328,285,6,-39,216,250,-76,-189,67,230,51,-155,-1,210,52,-230,-107,193,182,-118,-217,45,148,-135,-261,4,213,36,-242,-117,151,51,-236,-153,134,147,-129,-251,-2,134,-132,-293,-40,185,35,-220,-114,147,59,-258,-233,16,-1,-376,-691,-669,-803,-1370,-1900,-2050,-2050,-2050,-2050,-2050,-2050,-2050,-2050,-2050,-2050,-2050,-2050,-2050,-2050,-2050,0
-2050,-2050,-2050,-2040,-1960,-1890,-1830,-1760,-1690,-1630,-1570,-1510,-1450,-1400,-1350,-1300,-1250,-1200,-1160,-1110,-1070,-1030,-993,-954,-919,-884,-852,-819,-786,-756,-728,-699,-673,-645,-621,-598,-572,-545,-523,-506,-483,-435,-405,-410,-377,-280,-199,-231,-247,-124,34,-1,-68,60,315,380,229,284,665,865,652,674,1080,1350,1210,1000,1210,1550,1490,1240,1430,1840,1910,1630,1530,1820,1960,1670,1530,1830,2050,1870,1560,1670,1930,1830,1510,1570,1880,1910,1600,1430,1670,1800,1520,1350,1590,1800,1610,1240,0
1270,1560,1520,1190,1220,1510,1530,1210,1030,1270,1400,1100,849,1060,1340,1210,872,872,1160,1140,810,795,1080,1130,828,618,828,1000,757,513,699,969,872,565,561,832,825,486,449,755,860,616,402,587,749,508,231,393,651,548,204,140,403,432,96,12,316,489,274,21,198,454,325,75,212,488,452,164,89,342,391,61,-46,236,417,220,-40,75,298,173,-72,85,409,404,124,38,329,458,181,10,244,426,267,-10,33,229,121,-166,-71,235,0
268,11,-97,164,275,-23,-217,11,226,59,-214,-101,180,109,-187,-136,160,211,-56,-217,24,185,-74,-283,-59,213,128,-146,-103,177,147,-170,-165,124,183,-82,-231,27,214,-18,-225,-3,264,155,-149,-151,107,99,-214,-217,104,227,-9,-215,-21,180,-5,-248,-97,171,119,-172,-205,56,75,-210,-210,100,221,-18,-248,-57,171,-3,-278,-141,131,70,-230,-280,-22,27,-260,-324,-24,161,-33,-290,-153,81,-58,-364,-261,48,55,-226,-306,-49,41,-196,0
-263,-4,163,-26,-282,-141,105,-23,-329,-244,53,69,-212,-313,-36,83,-222,-408,-177,35,-150,-430,-300,-17,-110,-418,-317,34,118,-129,-277,-41,106,-150,-350,-141,113,13,-261,-212,57,24,-274,-241,74,156,-130,-345,-142,33,-210,-440,-251,1,-106,-395,-373,-97,-90,-389,-380,-67,52,-182,-371,-157,41,-177,-428,-273,-27,-153,-502,-548,-284,-259,-567,-614,-342,-212,-408,-601,-438,-295,-618,-1060,-1080,-953,-1190,-1690,-1960,-1930,-2050,-2050,-2050,-2050,-2050,-2050,-2050,-2050,0
-2050,-2050,-2050,-2050,-2050,-2030,-1980,-1910,-1800,-1710,-1680,-1620,-1500,-1380,-1350,-1330,-1190,-1010,-989,-1030,-885,-621,-503,-601,-558,-230,-5,-187,-242,101,435,393,240,426,752,728,497,626,976,1060,832,732,1020,1210,982,835,1080,1320,1220,968,1020,1290,1250,936,976,1300,1370,1090,905,1130,1310,1070,865,1060,1300,1170,843,841,1110,1110,827,839,1110,1190,971,805,1000,1160,915,652,805,1070,1020,713,679,948,963,635,588,875,995,757,553,749,948,736,454,578,844,808,0
537,512,773,786,424,324,612,743,465,168,313,540,375,90,230,538,500,181,102,353,391,65,-27,268,459,243,-33,131,419,297,-19,54,348,377,104,-21,188,266,-27,-183,50,267,124,-147,-69,194,119,-197,-158,122,138,-146,-259,20,164,-137,-328,-51,252,144,-148,-107,137,81,-247,-236,41,84,-199,-369,-135,36,-218,-456,-268,-14,-137,-460,-438,-148,-170,-485,-472,-156,-42,-281,-459,-245,-66,-307,-577,-421,-164,-248,-562,-593,-339,-348,-678,-692,0
-364,-206,-430,-666,-488,-262,-467,-782,-710,-487,-551,-830,-882,-647,-652,-1060,-1240,-1060,-1000,-1340,-1680,-1620,-1460,-1670,-1900,-1770,-1520,-1530,-1730,-1720,-1530,-1450,-1610,-1610,-1430,-1310,-1380,-1420,-1280,-1140,-1220,-1300,-1200,-1030,-1010,-1110,-1090,-937,-874,-982,-986,-849,-732,-790,-859,-779,-650,-676,-745,-673,-520,-475,-553,-549,-406,-331,-460,-486,-329,-167,-238,-356,-270,-77,-94,-245,-166,81,170,-9,-86,106,249,51,-51,161,410,316,76,148,432,412,123,195,568,727,516,374,626,811,0
564,326,506,762,657,386,437,711,672,289,208,425,451,132,-125,12,152,-98,-341,-170,128,71,-234,-259,10,52,-243,-274,13,196,8,-173,50,344,232,27,266,665,705,456,453,791,924,651,587,908,1130,930,666,816,1090,965,667,803,1140,1140,826,736,992,1060,696,472,619,706,423,103,219,504,424,150,296,704,841,648,603,929,1100,853,724,987,1240,1110,826,902,1170,1110,794,840,1140,1200,948,788,1010,1160,881,674,888,1130,970,649,0
692,996,971,633,642,954,1030,744,560,803,1000,770,557,772,1030,912,611,648,930,903,548,501,809,953,722,505,690,889,682,422,588,871,802,499,469,738,770,473,434,715,861,651,427,600,811,635,371,514,788,725,401,341,635,710,404,301,564,710,514,275,390,579,427,176,308,587,569,296,216,466,528,240,133,356,506,357,134,250,470,323,2,87,376,368,64,-60,198,310,6,-186,27,243,87,-199,-108,166,100,-205,-136,193,0
257,-27,-210,40,258,56,-124,71,299,185,-84,-25,226,163,-178,-195,88,192,-43,-243,-58,107,-106,-314,-131,129,56,-201,-181,58,35,-263,-270,8,115,-107,-300,-88,135,-54,-284,-93,192,136,-134,-152,92,91,-247,-310,-13,154,-40,-252,-58,163,-23,-274,-87,212,154,-155,-230,34,116,-178,-291,-45,114,-84,-332,-166,99,-51,-365,-279,7,3,-273,-348,-97,-22,-306,-392,-116,87,-82,-340,-218,49,-42,-349,-309,-28,13,-244,-353,-103,5,-269,0
-401,-161,27,-142,-419,-332,-75,-153,-473,-440,-117,-30,-300,-455,-213,-44,-283,-446,-209,36,-84,-345,-266,-2,-49,-328,-268,29,98,-151,-278,-25,130,-138,-364,-162,98,-13,-307,-266,22,25,-279,-295,-6,117,-98,-282,-97,81,-135,-347,-140,136,44,-245,-228,68,81,-266,-322,-13,121,-108,-333,-155,67,-98,-333,-173,90,12,-302,-347,-60,10,-279,-361,-87,96,-84,-316,-163,80,-69,-356,-248,48,49,-226,-295,-21,69,-231,-349,-76,138,-40,-325,-214,0
40,-93,-404,-313,-19,-3,-282,-403,-153,-12,-270,-417,-177,34,-120,-371,-250,29,-44,-334,-252,76,153,-117,-278,-66,38,-258,-449,-249,-71,-268,-586,-556,-348,-470,-826,-830,-565,-519,-821,-1040,-849,-732,-1050,-1310,-1180,-1010,-1190,-1490,-1450,-1190,-1240,-1590,-1610,-1340,-1270,-1530,-1690,-1560,-1430,-1570,-1660,-1540,-1390,-1430,-1530,-1480,-1370,-1380,-1450,-1410,-1300,-1250,-1280,-1270,-1190,-1130,-1140,-1130,-1080,-1030,-1000,-979,-940,-902,-871,-840,-808,-776,-746,-721,-693,-665,-641,-615,-593,-569,-547,-525,0
-505,-486,-467,-449,-430,-413,-396,-380,-365,-353,-338,-324,-311,-298,-285,-273,-261,-252,-243,-229,-216,-213,-203,-188,-171,-169,-167,-150,-124,-133,-139,-125,-99,-99,-116,-114,-90,-74,-91,-88,-54,-6,-18,-36,8,93,84,32,91,235,280,194,194,373,535,410,363,634,997,992,775,855,1160,1180,932,994,1330,1440,1180,989,1210,1390,1130,902,1140,1450,1350,1040,1080,1390,1400,1050,1010,1310,1440,1190,951,1170,1430,1270,1050,1230,1510,1470,1230,1230,1500,1500,1160,1090,0
1380,1550,1320,1060,1240,1470,1290,1010,1150,1450,1400,1040,929,1190,1250,904,780,1050,1210,970,672,797,1070,946,629,691,951,937,618,474,713,812,504,348,584,770,550,230,305,535,392,51,113,412,420,82,-118,72,183,-118,-349,-198,-50,-270,-625,-629,-443,-581,-951,-951,-686,-632,-877,-1040,-856,-797,-1190,-1500,-1400,-1300,-1590,-2000,-2040,-1930,-2030,-2050,-2050,-2010,-1960,-1970,-1930,-1830,-1740,-1740,-1700,-1620,-1530,-1500,-1480,-1420,-1350,-1320,-1280,-1230,-1180,-1140,-1100,-1060,-1020,-978,0
-942,-907,-873,-840,-808,-777,-748,-717,-693,-665,-641,-615,-593,-569,-548,-525,-505,-487,-467,-449,-429,-413,-397,-381,-369,-353,-339,-325,-312,-298,-286,-276,-264,-252,-244,-233,-222,-214,-204,-197,-187,-180,-171,-165,-157,-150,-145,-137,-132,-124,-119,-115,-108,-104,-99,-93,-89,-85,-81,-76,-73,-69,-66,-61,-58,-55,-52,-49,-45,-43,-40,-37,-35,-34,-29,-23,-13,-19,-13,19,85,71,38,100,235,246,177,283,555,665,450,360,592,812,587,435,677,972,837,523,0
616,1020,1080,757,822,1270,1450,1190,995,1310,1590,1370,1130,1450,1860,1810,1510,1570,1980,2040,1700,1740,2050,2050,2050,1840,2050,2050,2050,1910,2050,2050,2050,2030,1980,2050,2050,1920,1830,2050,2050,2010,1720,1890,2050,1910,1620,1740,1930,1840,1560,1450,1630,1620,1340,1200,1410,1470,1290,1060,1160,1270,1130,882,971,1140,1080,842,760,969,1010,820,728,899,964,835,657,706,800,689,451,498,672,648,466,375,540,582,376,246,438,553,443,252,322,482,432,265,345,504,0
497,355,276,404,436,260,113,245,341,217,-34,-25,179,135,-154,-182,81,141,-50,-184,60,200,27,-123,105,293,219,-7,-56,91,-17,-491,-706,-553,-568,-948,-1270,-1070,-823,-1030,-1280,-1020,-619,-621,-837,-698,-193,28,-169,-72,416,641,512,332,481,613,456,225,389,608,563,349,306,501,507,244,109,330,444,288,57,228,448,376,212,340,519,499,331,268,408,423,235,155,330,421,326,187,277,396,336,193,263,404,389,258,208,329,358,220,0
140,259,324,232,88,145,260,203,50,109,261,262,144,109,264,322,233,189,290,342,297,217,245,307,281,197,211,274,262,181,123,187,208,102,16,112,192,148,53,96,188,176,80,89,179,196,139,96,160,186,130,74,137,183,150,76,93,161,150,70,72,150,164,114,59,113,148,106,51,98,140,124,70,68,119,116,48,37,102,120,80,26,71,106,67,0,44,103,88,21,10,80,85,11,-11,58,86,40,-26,20,0
73,37,-40,-2,67,54,-21,-46,32,51,-28,-58,27,69,10,-75,-24,55,21,-77,-46,48,50,-33,-72,16,41,-61,-132,-26,50,2,-94,-58,36,5,-119,-91,32,42,-61,-132,-20,35,-69,-158,-46,45,-5,-136,-115,8,-4,-145,-132,18,51,-60,-156,-28,52,-52,-172,-66,53,7,-131,-114,28,23,-139,-163,-3,49,-58,-180,-58,42,-67,-221,-103,50,11,-155,-177,-6,6,-177,-216,-14,59,-59,-214,-90,38,-71,-281,-174,24,5,0
-185,-258,-54,-3,-226,-343,-129,-4,-151,-404,-300,-88,-202,-491,-385,-71,-54,-308,-424,-153,-23,-268,-404,-121,82,-50,-307,-204,50,-28,-354,-315,-29,-24,-318,-460,-184,-12,-248,-429,-194,52,-75,-391,-354,-65,-84,-381,-329,29,151,-81,-282,-76,84,-163,-403,-189,97,21,-257,-244,24,-5,-362,-410,-150,-100,-428,-749,-626,-441,-673,-941,-748,-410,-420,-680,-669,-338,-290,-662,-764,-449,-252,-482,-716,-486,-197,-369,-657,-468,-82,-62,-381,-457,-151,-60,-391,-492,0
-177,43,-165,-450,-293,-18,-158,-455,-324,2,3,-302,-412,-132,32,-222,-329,-35,199,26,-253,-133,154,70,-227,-132,182,182,-148,-291,-9,91,-277,-489,-225,37,-115,-421,-344,-68,-163,-515,-471,-146,-78,-366,-517,-220,-4,-232,-420,-183,81,-41,-344,-279,21,-18,-350,-318,23,137,-118,-281,-5,216,-35,-269,-28,288,193,-134,-148,114,76,-307,-365,-65,45,-247,-523,-365,-225,-539,-875,-749,-515,-646,-1010,-1050,-725,-652,-981,-1040,-700,-516,-746,-993,-794,-535,0
-717,-988,-817,-488,-502,-796,-825,-467,-333,-645,-749,-454,-248,-451,-691,-469,-156,-279,-545,-357,33,81,-182,-231,107,253,-34,-122,208,453,261,-26,96,358,202,-172,-151,90,17,-423,-701,-552,-525,-930,-1160,-892,-638,-817,-1120,-988,-663,-744,-1110,-1070,-745,-693,-1000,-1180,-955,-852,-1210,-1440,-1290,-1110,-1250,-1430,-1370,-1200,-1240,-1380,-1320,-1130,-1080,-1170,-1190,-1050,-968,-1070,-1100,-980,-838,-850,-916,-850,-697,-685,-788,-747,-605,-550,-630,-646,-502,-372,-461,-521,-389,-205,-237,-365,0
-300,-68,-9,-205,-164,152,401,265,137,435,781,675,461,711,1110,1100,771,707,1020,1100,747,620,921,1130,912,650,843,1130,977,707,886,1250,1250,960,916,1300,1480,1220,1130,1470,1720,1530,1250,1390,1640,1470,1170,1350,1720,1730,1400,1270,1560,1680,1350,1150,1410,1670,1520,1190,1260,1520,1410,1030,1050,1360,1390,1040,855,1130,1290,995,786,1010,1230,1050,726,790,1070,994,620,628,941,993,656,400,608,762,456,182,376,633,484,136,167,497,490,120,107,474,0
628,360,138,385,616,405,177,396,695,599,260,241,533,536,180,141,485,643,379,120,320,537,299,-17,128,409,321,-52,-153,80,55,-356,-475,-193,-23,-236,-473,-258,42,-113,-407,-221,173,229,-44,-120,184,295,-21,-119,209,439,244,-33,120,424,327,24,145,484,490,163,39,338,456,131,-18,274,507,337,49,168,461,364,20,82,404,432,118,-42,211,354,54,-145,113,372,226,-82,-26,250,189,-163,-147,162,236,-22,-194,42,198,-89,0
-331,-105,167,33,-302,-278,17,-3,-337,-333,-19,74,-203,-411,-167,57,-186,-471,-282,17,-59,-378,-388,-91,-81,-441,-486,-130,59,-185,-441,-205,97,-87,-387,-213,113,58,-274,-323,-20,26,-340,-446,-134,73,-133,-405,-247,-1,-178,-473,-297,55,39,-275,-332,-25,59,-269,-374,-56,161,-57,-364,-216,104,12,-305,-220,97,154,-97,-205,42,152,-158,-310,-35,187,-4,-309,-185,112,-13,-409,-378,-59,-19,-332,-515,-275,-133,-434,-638,-401,-149,-308,-621,-539,0
-237,-296,-628,-584,-267,-232,-562,-731,-456,-291,-602,-822,-554,-252,-366,-669,-612,-294,-314,-673,-675,-362,-296,-628,-881,-663,-462,-734,-1020,-819,-500,-569,-897,-924,-648,-617,-953,-1030,-753,-633,-900,-1130,-889,-632,-835,-1100,-888,-533,-524,-808,-839,-535,-484,-828,-870,-507,-299,-520,-742,-520,-262,-474,-801,-629,-259,-277,-629,-734,-453,-358,-695,-813,-486,-214,-393,-676,-517,-213,-324,-636,-538,-222,-205,-492,-588,-321,-182,-424,-498,-179,90,-35,-252,-66,269,203,-104,-29,297,348,0
65,-61,216,378,84,-75,235,566,480,203,281,555,461,96,136,476,564,293,155,467,697,460,273,545,848,732,426,503,866,872,514,507,855,982,708,499,746,969,727,480,693,996,886,523,475,727,672,210,52,268,305,-49,-347,-193,-9,-268,-603,-499,-257,-372,-778,-935,-758,-826,-1270,-1400,-1160,-1080,-1370,-1570,-1440,-1270,-1380,-1490,-1360,-1130,-1130,-1280,-1280,-1140,-1130,-1280,-1280,-1180,-1130,-1180,-1190,-1110,-1030,-1040,-1040,-987,-910,-877,-876,-842,-773,-741,-763,-741,0
-681,-622,-628,-626,-569,-489,-497,-519,-458,-345,-325,-391,-380,-267,-206,-302,-324,-214,-100,-150,-222,-138,20,5,-105,-17,246,395,241,182,484,763,563,404,696,1050,945,616,667,1010,1020,689,724,1090,1230,953,739,985,1210,952,704,937,1240,1110,774,822,1160,1160,816,851,1260,1440,1170,912,1100,1330,1130,872,1080,1410,1350,1000,933,1170,1070,489,162,203,86,-405,-850,-776,-564,-742,-983,-746,-327,-267,-503,-475,-101,-3,-355,-417,-27,283,182,16,299,709,0
664,436,657,1080,1140,860,810,1160,1300,954,825,1160,1410,1210,902,1050,1360,1240,838,870,1170,1140,729,512,744,821,417,171,418,642,420,39,67,326,204,-193,-161,169,211,-124,-297,26,267,10,-156,173,546,472,192,289,631,592,213,225,571,667,345,104,332,515,196,-103,93,378,243,-138,-177,83,12,-442,-553,-284,-241,-622,-935,-741,-533,-802,-1110,-948,-675,-780,-1150,-1210,-933,-922,-1310,-1400,-1100,-967,-1250,-1500,-1330,-1150,-1390,-1590,-1450,-1200,-1210,-1390,0
-1350,-1120,-1030,-1220,-1200,-974,-808,-947,-1060,-909,-726,-854,-990,-882,-677,-662,-786,-745,-494,-355,-539,-535,-245,-4,-189,-417,-273,0,-133,-424,-322,22,101,-166,-248,34,200,-97,-251,-10,243,97,-125,82,484,445,123,225,595,648,312,130,403,588,291,99,393,691,534,202,244,480,290,-230,-329,-104,-92,-423,-581,-386,-211,-440,-557,-331,-42,-182,-485,-475,-285,-348,-588,-569,-386,-315,-470,-534,-378,-247,-419,-531,-424,-286,-378,-531,-516,-408,-424,-534,-508,-388,0
-328,-396,-419,-299,-195,-291,-349,-227,-37,-49,-173,-129,89,155,-49,-50,187,356,138,-43,87,291,113,-89,18,242,155,-109,-136,38,27,-234,-293,-183,-129,-251,-340,-275,-187,-268,-347,-306,-216,-227,-299,-298,-235,-233,-296,-294,-257,-230,-251,-258,-234,-201,-217,-222,-206,-173,-169,-184,-178,-152,-139,-158,-154,-138,-121,-131,-132,-120,-102,-106,-109,-102,-85,-81,-88,-85,-69,-59,-73,-72,-61,-50,-55,-58,-52,-38,-42,-46,-42,-29,-24,-34,-34,-22,-10,-24,0
-25,-11,12,3,-12,-3,33,20,-10,-4,32,43,3,-6,17,45,8,-5,12,44,18,-6,-2,19,10,-6,-2,18,27,3,-1,8,19,0,-2,1,7,5,2,4,10,10,5,6,10,11,8,8,10,16,11,10,12,18,17,13,16,18,19,16,17,19,22,19,19,21,29,23,20,23,37,37,23,25,53,74,38,39,104,186,135,82,153,295,248,119,187,402,460,280,234,465,676,435,333,635,1030,888,552,724,0
1220,1260,875,1010,1580,1790,1450,1250,1680,2020,1730,1470,1850,2050,2050,1890,2010,2050,2050,2050,2050,2050,2050,2050,2050,2050,2050,2050,2050,2050,2050,2050,2050,2050,2050,2050,2020,1960,2050,2050,1970,1790,1910,1970,1840,1700,1760,1800,1710,1570,1540,1570,1520,1410,1360,1380,1340,1270,1190,1190,1160,1100,1030,1030,1010,971,915,885,876,845,794,763,761,739,706,663,656,641,614,577,569,560,537,506,485,483,468,436,412,420,409,388,355,357,356,337,292,298,313,301,0
276,260,273,265,234,211,233,234,211,156,162,184,144,26,36,123,117,8,-54,67,123,52,5,104,157,121,40,70,144,128,44,67,140,145,88,43,116,140,97,49,102,135,114,53,64,115,103,25,26,101,113,67,19,73,100,49,-10,56,102,72,-8,1,82,81,-2,-10,71,90,38,-26,32,74,19,-74,-4,73,49,-45,-51,49,54,-56,-88,32,72,-3,-113,-36,45,-19,-155,-92,26,10,-118,-166,-33,-13,-201,-316,0
-155,-76,-230,-493,-424,-230,-373,-772,-710,-333,-279,-589,-762,-407,-172,-407,-570,-234,27,-78,-348,-243,24,-60,-424,-343,52,117,-142,-363,-84,86,-168,-444,-196,83,-29,-343,-260,91,108,-152,-109,200,268,98,-25,201,325,173,9,180,330,250,44,69,277,268,66,61,265,312,171,23,146,232,57,-204,-82,121,41,-269,-318,34,112,-133,-186,89,197,57,-117,52,200,53,-209,-38,230,204,-29,-122,113,155,-105,-245,3,106,-130,-471,-310,-6,0
-122,-449,-277,101,129,-116,-217,84,186,-52,-156,139,299,180,-37,70,263,178,-81,9,258,264,71,-21,202,278,84,-59,145,288,185,-17,69,250,183,-56,5,236,242,33,-101,123,217,11,-194,11,183,56,-250,-261,-13,-85,-502,-562,-225,-102,-377,-605,-340,-145,-468,-788,-557,-228,-361,-782,-845,-521,-520,-964,-1050,-721,-625,-1030,-1430,-1270,-1040,-1300,-1670,-1470,-1080,-1120,-1460,-1450,-999,-876,-1270,-1370,-942,-644,-836,-1090,-854,-509,-653,-962,-755,-350,-411,-856,0
-1020,-737,-712,-1180,-1320,-881,-537,-708,-947,-635,-173,-259,-597,-396,75,150,-154,-222,188,404,90,-28,337,605,359,-19,113,474,361,-58,5,407,459,80,-120,205,405,54,-186,89,370,166,-202,-117,195,67,-385,-347,72,183,-169,-397,-84,153,-188,-500,-262,26,-200,-682,-750,-530,-758,-1420,-1660,-1540,-1700,-2050,-2050,-2050,-2050,-2050,-2050,-2050,-2050,-2050,-2050,-2030,-1960,-1880,-1820,-1750,-1680,-1620,-1560,-1510,-1450,-1400,-1340,-1290,-1240,-1200,-1150,-1110,-1070,-1030,-987,-951,-916,-881,0
-846,-814,-785,-755,-725,-698,-673,-645,-619,-597,-573,-551,-530,-509,-490,-471,-453,-435,-419,-402,-386,-371,-356,-342,-327,-313,-300,-290,-276,-248,-210,-222,-198,-60,107,66,0,188,580,613,390,694,1310,1450,1090,994,1500,1790,1430,1230,1680,2050,1880,1440,1570,2020,1980,1550,1640,2050,2050,1740,1460,1800,2050,1670,1350,1660,1980,1720,1190,1200,1600,1550,1080,1130,1630,1800,1470,1250,1630,1940,1670,1410,1730,2050,1930,1520,1550,1920,1870,1400,1400,1820,1860,1470,1060,1270,1490,1200,0
871,1190,1550,1480,1260,1330,1560,1520,1280,1240,1400,1410,1270,1150,1240,1270,1170,1050,1090,1140,1080,980,949,987,954,852,820,864,848,778,705,740,746,694,620,641,653,621,555,530,561,545,472,442,487,486,439,362,388,412,364,267,304,360,331,230,196,288,293,180,107,210,257,185,72,138,228,179,48,107,227,225,138,104,200,219,144,100,183,216,177,98,130,184,155,67,99,173,169,101,55,134,160,98,50,122,157,130,61,90,0
146,129,44,54,128,129,69,17,88,113,39,-34,55,113,76,-18,-7,75,58,-65,-57,67,86,-5,-105,-6,67,-12,-116,-11,85,53,-53,-50,56,51,-83,-93,43,83,-5,-93,19,98,22,-105,-28,73,37,-109,-146,6,26,-138,-212,-59,2,-135,-344,-232,-68,-180,-462,-356,-87,-116,-454,-723,-537,-554,-1130,-1570,-1490,-1500,-2050,-2050,-2050,-2050,-2050,-2050,-2050,-2050,-2050,-2050,-2050,-2050,-2050,-2050,-2050,-2050,-2050,-2050,-2050,-2050,-2050,-2050,-2020,-1950,-1880,-1810,0
-1740,-1680,-1610,-1560,-1500,-1440,-1390,-1340,-1290,-1240,-1190,-1150,-1110,-1060,-1020,-984,-947,-913,-876,-842,-810,-780,-750,-723,-694,-667,-643,-617,-593,-570,-550,-529,-504,-481,-467,-445,-388,-268,-294,-294,-68,345,425,189,354,1060,1380,1040,1100,1720,2050,1740,1320,1630,2050,1850,1350,1550,2000,1870,1240,986,1390,1480,864,583,992,1260,857,387,643,1100,891,429,730,1400,1510,1130,1140,1770,2050,1720,1650,2050,2050,2050,2050,2050,2050,2050,1950,2000,2050,2050,1940,1820,2050,2050,1850,1720,0
1900,1950,1820,1640,1680,1720,1620,1430,1440,1510,1440,1270,1160,1260,1250,1060,928,1060,1110,1010,845,880,962,899,738,771,868,838,716,619,714,732,630,536,629,662,602,466,470,555,512,338,340,472,469,347,256,385,428,323,212,332,405,354,241,280,377,370,307,315,352,342,320,293,305,298,278,233,249,257,220,86,36,146,135,-33,-51,137,192,115,18,123,197,151,59,135,201,188,138,139,186,183,150,141,168,166,139,71,92,130,0
91,-11,35,117,105,21,1,103,117,40,6,97,120,74,-17,28,89,37,-98,-36,83,76,-22,-67,68,107,36,-11,82,118,75,-22,6,76,28,-134,-99,50,55,-65,-145,1,57,-70,-182,-35,60,-20,-203,-179,-8,-34,-247,-216,8,53,-90,-220,-39,71,-38,-145,35,161,119,6,41,164,160,42,44,160,177,117,54,131,166,104,20,104,166,140,56,60,139,135,40,27,123,138,82,7,81,128,80,-4,66,129,105,11,0
-4,96,101,-4,-38,74,107,43,-52,22,91,33,-99,-34,71,48,-82,-108,36,60,-75,-139,9,76,-2,-134,-59,50,-20,-215,-152,18,-2,-221,-410,-229,-172,-539,-920,-667,-379,-618,-1100,-1040,-587,-586,-1030,-945,-419,-251,-606,-865,-507,-212,-540,-869,-541,-132,-278,-699,-620,-134,-86,-532,-508,10,224,-62,-321,18,324,112,-193,102,448,369,39,41,384,385,36,5,362,444,224,-41,185,406,257,-26,161,418,365,124,92,342,349,66,1,311,0
406,226,-21,145,324,176,-133,-5,244,172,-173,-306,20,83,-332,-525,-139,105,-150,-564,-417,-54,-197,-618,-462,-12,-4,-386,-519,-145,-27,-524,-834,-545,-366,-859,-1610,-1820,-1760,-2050,-2050,-2050,-2050,-2050,-2050,-2050,-2050,-2050,-2050,-2050,-2050,-2050,-2050,-2050,-2050,-2050,-2050,-2050,-2050,-2050,-1990,-1920,-1850,-1750,-1640,-1620,-1570,-1420,-1190,-1140,-1170,-982,-539,-334,-588,-429,172,442,102,-146,263,664,406,93,465,1010,1030,661,660,1060,1020,417,212,490,450,-249,-922,-941,-914,-1200,0
-1330,-1240,-1120,-1140,-1200,-1150,-1040,-1000,-1050,-1010,-915,-835,-859,-852,-749,-633,-702,-747,-684,-578,-584,-642,-615,-518,-476,-546,-523,-414,-337,-412,-455,-376,-266,-337,-404,-331,-166,-136,-242,-214,11,147,-69,-120,96,324,134,-74,48,332,235,-6,181,737,920,567,464,981,1320,951,758,1250,1700,1540,1160,1380,1940,1970,1540,1650,2050,2050,2040,1800,2050,2050,2050,1870,2050,2050,2050,1910,1950,2050,2050,1640,1480,1750,1690,1060,464,471,445,-262,-1000,-988,-748,-1040,-1670,-1820,0
-1560,-1640,-1970,-1950,-1720,-1630,-1800,-1850,-1700,-1560,-1640,-1660,-1530,-1370,-1380,-1440,-1370,-1240,-1210,-1260,-1220,-1130,-1070,-1080,-1060,-997,-941,-948,-918,-881,-838,-810,-786,-755,-717,-693,-674,-647,-617,-587,-571,-552,-524,-493,-489,-474,-453,-422,-409,-403,-387,-358,-338,-342,-329,-298,-261,-279,-281,-260,-221,-235,-242,-220,-168,-161,-194,-184,-107,-45,-130,-133,-13,117,13,-97,-41,87,25,-99,-51,98,116,-11,-12,214,436,243,149,391,714,487,120,168,474,438,97,166,563,696,0
279,91,390,699,322,68,388,909,812,359,381,805,746,152,100,593,864,480,149,472,802,417,-1,296,795,699,221,213,682,704,86,-40,416,650,236,-129,200,635,324,-148,132,666,605,116,73,616,738,137,-28,509,890,544,130,450,914,668,172,444,1030,998,449,289,784,939,355,98,536,825,421,-86,151,668,443,-182,-4,631,715,205,9,497,680,64,-262,235,710,452,-55,104,593,403,-263,-125,562,773,346,156,737,1070,458,-1,0
428,931,696,149,274,753,467,-411,-453,162,321,-214,-500,104,568,68,-434,19,674,579,99,256,828,716,-67,-99,571,793,201,-265,180,585,24,-617,-309,229,32,-602,-593,52,117,-570,-625,25,300,-205,-636,-179,323,-76,-618,-178,568,555,36,116,880,1060,388,247,889,1190,581,-100,123,557,171,-438,-91,572,515,-91,-183,467,668,-9,-251,373,817,417,-123,211,849,664,48,274,924,951,385,214,817,1100,530,300,972,1590,1390,998,1420,2050,0
2010,1370,1620,2050,2050,1990,1780,2050,2050,1680,1240,1680,1920,1670,1130,1220,1600,1400,665,693,1260,1280,820,596,1190,1380,1010,652,1080,1310,1130,693,747,1090,1010,601,705,1070,1100,903,793,1020,1060,906,756,907,949,885,745,760,822,776,610,616,724,706,634,576,640,625,593,552,561,540,522,504,486,469,453,438,423,408,393,380,370,355,342,331,322,310,298,291,281,272,261,252,247,236,228,219,214,209,200,194,188,184,178,170,166,162,0
156,151,147,145,138,134,131,128,124,120,116,114,113,108,104,102,101,98,93,91,90,88,85,83,82,81,76,74,73,72,70,67,67,67,65,60,59,59,58,56,55,55,54,53,51,51,51,50,49,48,48,48,45,44,45,45,43,42,43,43,42,40,40,40,39,38,38,38,38,37,37,37,37,36,35,36,36,36,35,35,37,36,35,36,37,37,36,35,34,11,29,35,34,17,20,35,35,7,-1,35,0
36,20,-24,26,39,21,-54,21,44,42,27,34,42,41,40,40,38,38,38,38,37,36,37,37,36,35,35,36,36,34,34,34,34,33,33,33,34,33,32,33,33,32,32,32,33,33,32,32,33,33,32,32,33,34,33,32,33,34,33,32,32,33,29,32,32,32,26,32,29,32,32,32,28,29,33,32,28,28,28,29,27,27,29,29,27,27,28,28,28,27,27,28,28,26,27,27,28,28,27,28,0
29,28,27,28,28,28,27,27,29,28,26,27,27,28,26,26,27,27,26,26,26,26,26,26,26,26,26,26,26,26,27,26,26,27,26,26,26,26,27,26,26,26,26,26,26,26,26,26,26,26,26,26,27,26,26,26,26,27,27,27,28,27,27,28,28,27,27,28,28,28,27,27,28,29,28,28,29,32,28,28,32,32,32,28,29,32,29,27,28,29,29,28,28,32,28,32,28,29,29,28,0
27,27,29,28,27,27,28,28,27,27,28,29,27,27,27,28,28,26,27,28,27,26,26,27,28,27,26,28,28,27,26,27,28,27,27,27,28,28,27,27,27,28,27,26,27,27,27,26,27,28,28,26,27,28,28,27,27,28,28,27,26,27,28,27,26,27,28,28,27,27,29,29,27,27,29,32,29,28,29,24,25,29,29,0,-88,-29,-62,-571,-1640,-1840,-1910,-2050,-2050,-2050,-2050,-2050,-2050,-2050,-2050,-2050,0
-2050,-2050,-2050,-1400,-1840,-2050,-2010,-1530,-2050,-2050,-2050,-2050,-2050,-2050,-2050,-2050,-2050,-2050,-2050,-2010,-1720,-1850,-1900,-1580,-859,-618,-932,-626,448,850,215,218,1190,1850,1560,1230,1930,2050,2050,2050,2050,2050,2050,2050,2050,2050,2050,2050,2050,2050,2050,2050,2050,2050,1980,1910,1770,1720,1700,1550,980,261,354,84,-1160,-1840,-1330,-854,-1360,-2050,-1900,-1270,-1600,-2050,-2050,-1480,-1250,-1830,-2010,-1170,-632,-1270,-1660,-931,-236,-567,-1240,-947,-118,-203,-1010,-828,55,228,-530,-998,-380,50,-661,-1220,0
-555,290,247,-171,263,1270,1390,657,786,1660,1880,1170,636,1270,1860,1460,1080,1830,2050,2050,1850,1930,2050,2010,1810,1810,1850,1780,1710,1640,1590,1540,1480,1420,1380,1330,1280,1240,1190,1150,1110,1070,1030,993,956,923,891,858,827,801,772,744,716,693,668,646,624,601,581,561,539,520,503,486,469,453,438,416,404,393,370,202,49,219,225,-75,-163,221,325,232,73,217,315,264,115,229,300,288,257,251,262,252,244,234,228,220,214,208,200,194,0
37,1,-1,28,12,-38,-70,-61,-55,-99,-126,-124,-136,-148,-136,-102,-44,-11,-35,-29,33,66,28,-8,8,58,59,35,28,27,6,-29,-54,-29,0,-8,-10,-5,-20,-60,-94,-102,-85,-78,-74,-57,-50,-74,-88,-56,-4,22,-3,-10,3,-19,-65,-91,-82,-30,9,44,88,106,85,55,34,21,3,-28,-37,-11,-6,-45,-73,-42,21,52,25,6,11,1,-19,-14,4,4,-44,-61,-12,11,-7,-12,2,10,-3,-27,-11,1,-42,-98,1
-103,-42,19,6,-7,7,9,-22,-60,-68,-29,-21,-67,-57,5,17,-25,-51,-50,-34,-37,-55,-55,-50,-60,-86,-92,-56,-13,-8,-3,21,27,19,5,19,51,41,21,17,-6,-51,-82,-87,-68,-50,-70,-81,-52,-10,-18,-54,-60,-42,-68,-101,-85,-68,-106,-153,-148,-91,-54,-71,-67,-29,-21,-26,-22,1,19,-6,-28,-11,-3,-52,-108,-120,-72,-24,-40,-45,-33,-45,-88,-102,-65,-13,-17,-25,6,51,42,1,-11,11,33,4,-13,1,1
22,3,-51,-93,-89,-77,-74,-44,-20,-13,-3,17,27,11,-35,-17,48,70,37,-6,-11,17,25,7,7,17,-9,-53,-59,-26,12,5,-17,0,12,-18,-49,-34,18,28,-18,-55,-39,4,27,24,43,73,54,33,39,48,20,-28,-59,-54,-22,10,51,67,27,-25,-35,-12,-8,-53,-77,-56,-25,-27,-85,-152,-163,-150,-156,-113,-3,80,105,106,98,72,2,-40,-21,-17,-74,-121,-82,6,98,136,103,27,-69,-148,-150,-151,-226,-353,1
-471,-520,-504,-540,-678,-849,-954,-1010,-1070,-1130,-1160,-1190,-1280,-1390,-1470,-1530,-1570,-1560,-1480,-1400,-1360,-1350,-1320,-1280,-1240,-1230,-1200,-1130,-1070,-1030,-1010,-980,-939,-899,-859,-796,-721,-661,-628,-605,-584,-555,-535,-471,-357,-267,-247,-235,-209,-180,-163,-117,-18,51,71,98,128,168,241,289,343,411,444,428,426,444,451,409,348,387,481,506,458,411,408,423,396,388,437,483,458,405,387,419,422,378,396,449,457,442,439,452,456,423,420,457,471,427,386,370,1
385,387,338,330,357,324,242,228,285,326,268,208,230,274,258,230,241,281,296,245,219,226,225,189,166,204,267,281,277,295,298,259,219,205,215,253,250,246,275,276,216,163,163,203,220,220,258,283,245,186,166,224,306,307,275,247,211,153,122,148,231,285,265,232,225,186,129,104,125,165,156,114,133,215,269,278,268,266,247,219,228,211,164,164,201,235,264,240,231,291,314,260,224,244,280,282,229,214,263,284,1
258,242,268,309,293,267,292,309,261,195,173,196,203,186,209,256,266,228,178,179,232,263,263,273,278,243,198,181,178,184,198,248,283,246,188,179,204,245,241,194,177,178,176,168,161,192,258,277,282,299,294,262,241,230,258,284,275,278,289,250,194,181,221,267,262,247,240,235,226,228,248,269,274,262,282,340,387,390,377,394,419,390,371,418,499,564,600,602,614,641,672,704,706,650,579,572,642,699,672,619,1
631,666,658,624,605,615,605,560,531,521,467,377,320,306,304,276,225,184,167,128,70,19,-12,-22,-46,-61,-72,-115,-179,-227,-244,-238,-253,-278,-293,-313,-346,-376,-396,-409,-420,-441,-422,-376,-345,-364,-411,-422,-387,-364,-360,-332,-305,-312,-329,-317,-295,-295,-340,-343,-294,-257,-265,-297,-294,-252,-237,-254,-228,-168,-152,-172,-174,-153,-136,-148,-150,-131,-121,-147,-164,-149,-113,-103,-125,-131,-106,-104,-131,-142,-116,-68,-54,-41,-10,-10,-60,-114,-131,-109,1
-74,-65,-45,-23,-49,-101,-121,-82,-37,-60,-106,-110,-106,-117,-102,-75,-51,-53,-85,-87,-55,-25,-23,-41,-50,-42,-49,-34,4,19,-6,-28,-38,-35,-28,-43,-22,35,68,36,-4,6,44,36,6,11,21,-6,-52,-60,-23,3,-11,-3,35,37,9,0,19,50,39,16,37,58,32,-20,-51,-59,-65,-87,-92,-83,-81,-88,-66,-21,6,-6,-6,23,38,0,-66,-104,-92,-58,-54,-41,-5,17,-5,-52,-94,-110,-121,-115,-60,2,24,16,1
11,43,75,34,-25,-41,-34,-39,-41,-34,-8,-19,-57,-49,1,8,-23,-61,-52,18,60,69,75,77,45,17,27,50,40,7,-2,23,32,-4,-54,-77,-74,-87,-83,-25,20,13,-4,-3,11,5,-28,-37,-22,-35,-77,-113,-98,-60,-74,-100,-91,-89,-105,-116,-110,-83,-65,-82,-75,-37,-28,-66,-99,-98,-86,-114,-140,-129,-114,-135,-165,-166,-136,-117,-139,-155,-148,-136,-138,-150,-151,-141,-154,-156,-118,-88,-115,-165,-188,-180,-181,-219,-229,-181,1
-120,-109,-136,-139,-122,-130,-141,-121,-92,-86,-87,-88,-75,-70,-109,-125,-104,-119,-172,-173,-106,-41,-51,-88,-58,-1,-10,-76,-136,-167,-181,-211,-196,-107,0,40,-2,-71,-78,-37,-1,49,115,161,180,186,193,189,150,139,197,249,256,256,246,232,215,188,215,279,301,266,220,202,194,149,138,198,244,232,189,149,117,75,40,103,212,265,231,160,123,120,76,38,67,101,59,12,20,67,68,5,36,139,179,138,84,88,137,131,1
106,144,197,202,198,201,226,272,293,343,390,395,377,362,377,409,379,310,297,317,294,226,165,150,149,90,53,69,84,53,17,21,64,54,1,-1,26,13,-35,-44,11,69,49,38,83,112,64,5,7,56,73,56,100,169,177,133,98,90,91,50,24,64,91,50,-8,-23,8,5,-44,-44,1,11,-21,-60,-60,-23,-42,-73,-61,-28,-10,5,40,98,105,49,50,84,75,27,-8,11,68,29,-24,-11,5,-30,-89,-107,1
-72,-41,-87,-105,-67,-49,-74,-93,-82,-59,-62,-66,-33,-3,-30,-91,-117,-103,-115,-173,-185,-156,-151,-183,-203,-172,-131,-150,-163,-105,-60,-104,-156,-152,-106,-61,-59,-22,42,57,23,8,59,112,71,23,58,105,84,43,33,48,70,51,57,98,96,38,8,28,52,34,-3,10,26,-13,-75,-113,-101,-65,-76,-90,-78,-67,-81,-98,-69,-13,-3,-29,-4,40,33,5,20,69,81,9,-18,36,70,49,19,41,121,171,146,140,188,213,1
182,145,147,177,160,131,139,148,107,66,81,135,145,72,25,26,24,24,34,52,83,80,87,154,209,184,145,144,176,180,140,132,152,152,116,80,88,124,112,73,83,85,35,-13,-27,-12,5,-4,19,70,70,5,-34,-7,40,27,-4,19,51,34,10,8,34,69,42,11,17,18,-11,-46,-59,-52,-85,-131,-115,-60,-60,-103,-105,-57,-8,-24,-18,37,61,21,-19,7,83,97,41,38,72,75,39,4,-5,-5,-29,-13,1
20,4,-45,-83,-91,-72,-74,-117,-102,-41,-3,-7,-37,-39,-9,-39,-67,-23,32,34,33,54,87,88,71,112,163,160,117,81,99,164,178,186,245,292,273,208,151,149,140,71,76,154,196,169,136,172,240,218,166,182,211,179,131,113,132,138,103,137,231,267,236,214,196,192,151,113,117,106,38,-14,-11,39,76,53,72,132,139,90,50,55,82,53,-5,5,41,32,-2,-25,-13,2,-34,-49,-2,37,20,-28,-41,6,1
27,23,71,103,55,-11,-29,11,51,29,38,86,100,65,38,52,97,93,65,86,128,136,115,100,119,147,100,64,76,88,43,-9,-13,26,40,10,41,99,100,70,58,82,80,-3,-26,43,85,41,-2,4,74,145,150,184,248,260,224,185,187,213,172,148,180,189,145,89,76,115,130,60,45,87,97,73,53,53,82,58,25,57,92,58,8,-4,25,55,26,29,74,74,17,-26,-10,50,64,28,29,34,17,19,1
37,61,83,49,48,91,96,27,-27,-25,26,43,22,45,91,90,60,42,76,121,74,56,116,137,77,22,23,93,154,169,236,332,352,312,315,394,488,490,490,533,554,512,458,442,452,417,337,342,410,449,432,370,326,327,309,310,349,379,372,348,341,358,341,268,282,354,360,312,252,226,237,197,136,125,118,65,-8,-52,-35,-35,-114,-114,-40,-8,-34,-58,-52,-36,-90,-156,-172,-195,-269,-357,-392,-358,-321,-356,-356,-310,1
-299,-353,-403,-396,-354,-365,-394,-365,-342,-365,-382,-343,-234,-167,-200,-200,-135,-115,-167,-227,-228,-173,-162,-184,-193,-220,-300,-377,-393,-348,-294,-309,-325,-318,-341,-397,-440,-428,-370,-358,-380,-340,-277,-274,-281,-249,-154,-44,-22,-5,27,11,-57,-122,-150,-138,-165,-242,-275,-293,-341,-395,-429,-437,-426,-465,-482,-439,-408,-444,-503,-530,-494,-487,-520,-466,-356,-326,-332,-292,-187,-82,-73,-81,8,130,168,152,163,247,337,330,329,370,389,348,275,225,208,154,1
118,148,171,117,40,4,-9,-67,-154,-167,-131,-147,-204,-221,-166,-68,-27,1,105,193,186,148,135,193,250,231,250,326,385,374,347,361,416,412,378,416,483,470,421,390,413,458,424,402,435,442,404,354,331,348,329,268,234,204,133,65,44,66,100,77,42,39,42,53,98,155,181,141,64,26,8,-62,-156,-181,-116,-40,-39,-44,-21,-34,-118,-211,-231,-182,-169,-206,-195,-170,-216,-301,-354,-342,-309,-321,-322,-280,-247,-263,-291,-296,1
-248,-194,-206,-201,-145,-114,-110,-107,-84,-39,-13,19,83,134,134,113,96,102,118,114,136,153,97,0,-59,-69,-53,-75,-99,-72,-45,-61,-81,-97,-93,-65,-37,32,136,213,252,292,344,409,411,402,456,517,520,488,459,467,500,476,451,444,421,365,308,272,265,230,155,117,102,80,58,36,18,13,-22,-27,10,4,-55,-86,-62,-27,-26,-44,-33,-18,-50,-88,-107,-98,-54,-23,25,58,28,-23,-27,17,69,81,48,28,3,-58,1
-120,-162,-178,-194,-250,-274,-226,-186,-211,-251,-265,-231,-195,-199,-194,-165,-167,-180,-184,-156,-125,-155,-182,-118,-20,21,29,48,114,176,185,224,277,269,242,243,257,277,256,231,257,281,249,193,144,113,97,71,96,125,102,50,6,0,26,40,28,27,28,11,-4,0,42,90,81,55,36,4,-19,-25,-20,-1,-4,-3,36,50,9,-22,-12,20,65,85,115,151,140,81,44,50,70,68,39,53,72,39,1,-7,4,32,42,58,1
66,59,41,36,58,113,128,97,115,146,137,122,122,134,182,214,211,195,203,202,178,140,118,105,107,155,220,225,195,169,185,218,210,176,137,98,52,37,43,42,24,-22,-55,-61,-117,-197,-254,-270,-258,-267,-280,-268,-263,-279,-284,-273,-237,-243,-311,-343,-313,-282,-283,-301,-293,-250,-226,-225,-203,-177,-190,-197,-177,-158,-165,-188,-190,-178,-174,-186,-182,-182,-188,-198,-189,-126,-89,-124,-149,-120,-67,-38,-56,-60,-50,-42,-45,-54,-55,-25,1
12,48,93,112,84,77,106,135,130,97,109,166,186,153,112,83,100,129,118,117,130,123,128,146,167,181,166,170,201,227,218,197,178,168,170,166,176,192,165,100,64,75,117,117,103,115,123,99,80,70,67,67,58,72,97,100,106,108,98,85,61,58,96,118,100,87,74,68,83,80,83,97,90,66,54,80,99,93,84,97,118,115,88,76,103,138,139,140,147,135,102,65,40,50,57,53,67,68,23,-10,1
-6,27,55,27,23,54,71,49,10,6,39,55,32,39,88,99,70,48,45,67,58,58,81,85,55,27,9,9,11,20,49,67,45,28,35,55,69,49,26,34,38,19,6,10,34,48,44,75,136,136,74,25,21,27,-4,-44,-60,-68,-67,-59,-51,-34,-30,-68,-88,-85,-77,-69,-60,-49,-17,-2,7,29,34,4,-24,-36,-22,5,21,43,68,59,28,2,3,60,91,91,122,149,118,76,51,42,39,24,50,84,1
71,34,19,42,80,80,69,72,72,42,6,4,29,26,-25,-38,-7,2,0,-7,-25,-29,-25,-12,24,58,59,48,37,50,85,72,58,89,109,87,53,38,55,49,22,24,43,56,76,89,73,50,24,28,39,21,-28,-71,-73,-33,0,-9,-11,-17,-43,-60,-58,-40,-22,-40,-43,-22,-30,-58,-51,-24,3,21,2,-5,9,24,13,2,18,49,66,85,108,114,81,51,51,80,99,66,49,64,44,4,-22,-23,-12,-26,1
-24,4,21,0,-22,-27,-2,34,40,45,51,41,23,6,-9,-7,-8,-18,-33,-55,-50,18,69,75,73,72,108,146,120,56,1,-10,12,23,17,28,48,48,49,41,39,49,49,74,114,109,66,20,1,18,29,35,70,83,58,33,19,8,12,-3,-4,35,57,40,5,4,49,71,50,49,60,57,51,52,65,82,80,81,92,88,66,54,61,70,65,49,69,85,59,24,2,-6,3,8,38,86,106,85,75,92,1
109,108,75,76,98,77,51,35,35,56,56,54,72,80,44,17,9,17,40,50,60,75,67,40,16,16,44,44,35,43,51,38,26,25,48,70,59,76,113,120,108,102,98,102,88,74,83,59,3,-10,24,35,8,-22,4,43,17,-54,-84,-61,-36,-25,-33,-33,-18,-25,-37,-29,-10,6,-6,7,42,43,1,-38,-24,16,10,-17,4,69,93,73,57,75,100,90,87,82,60,42,39,24,21,44,58,71,80,54,1
27,34,65,75,29,-13,-8,4,-9,-13,1,12,10,3,18,36,25,6,0,8,34,34,42,77,91,70,42,18,5,-5,-25,-9,11,-6,-37,-40,-28,-9,-11,-25,-17,-10,-27,-26,-10,16,40,52,83,109,88,38,11,17,51,60,42,55,70,43,10,-23,-49,-41,-41,-29,-8,-12,-56,-81,-59,-27,-28,-42,-25,5,35,54,37,23,42,32,28,59,54,12,-13,-11,23,50,52,77,101,72,41,27,35,38,26,43,1
66,34,-1,27,73,82,43,-1,0,32,56,57,41,32,32,23,36,76,91,59,39,41,50,44,16,13,33,36,26,27,39,40,22,33,56,48,16,7,19,37,48,51,85,132,130,91,85,108,136,122,90,97,117,105,68,18,-7,11,48,105,141,101,42,51,131,216,241,220,217,243,282,337,381,404,395,359,357,363,336,294,260,230,220,210,185,184,201,186,148,118,135,169,152,136,150,147,112,71,43,60,1
96,105,107,99,66,32,16,18,22,-8,-34,-13,12,13,3,9,27,22,2,18,34,8,-36,-65,-51,-17,-21,-39,-26,-10,-35,-59,-50,-26,-23,-21,8,36,23,8,20,38,54,33,18,37,44,17,-20,-34,-8,11,3,12,36,44,42,27,23,34,8,-17,-10,-11,-40,-72,-89,-97,-101,-114,-113,-101,-103,-118,-126,-116,-75,-60,-67,-67,-72,-87,-84,-83,-85,-81,-69,-40,-30,-55,-67,-71,-81,-72,-68,-60,-35,-19,-35,-62,1
-72,-45,-10,-5,1,24,34,27,27,22,20,22,19,25,27,18,10,4,20,53,60,84,116,114,81,60,70,88,70,32,6,-10,-23,-20,-20,-10,5,9,22,37,41,18,-23,-55,-67,-91,-125,-77,2,12,-8,-20,-14,-20,-53,-71,-82,-113,-154,-188,-199,-185,-173,-182,-182,-187,-220,-252,-267,-263,-236,-241,-248,-236,-219,-230,-242,-233,-203,-179,-162,-122,-87,-86,-89,-81,-67,-54,-45,-25,4,20,-3,-33,-56,-76,-87,-100,-87,-66,1
-61,-61,-60,-76,-89,-83,-61,-28,4,16,25,51,73,88,82,106,151,152,119,109,128,136,124,128,152,177,176,152,130,119,124,106,108,139,136,83,32,16,9,-5,-21,-1,8,-5,-10,-4,16,37,44,73,121,135,109,101,117,128,113,99,129,157,146,112,99,129,164,176,189,229,237,194,152,149,176,196,185,183,195,198,192,171,160,179,196,199,208,189,137,121,154,178,138,72,84,150,170,152,153,169,168,154,1
169,209,186,128,102,96,97,83,57,65,88,77,51,43,70,115,133,124,107,80,21,-23,-39,-26,8,28,45,66,56,35,39,70,93,102,129,157,161,124,106,134,180,213,205,210,230,233,203,153,119,114,89,83,115,122,92,60,33,18,13,4,5,10,5,-10,-34,-61,-69,-59,-56,-42,-41,-68,-74,-71,-69,-46,-45,-44,-29,-24,-26,-19,-3,1,-19,-35,-6,24,6,-29,-33,-8,8,-4,-6,16,27,10,-1,2,1
16,6,-13,20,71,54,-5,-35,-14,36,72,88,99,106,98,90,84,70,38,1,4,27,21,-9,-44,-57,-52,-71,-81,-65,-65,-108,-132,-103,-68,-65,-99,-103,-84,-97,-136,-154,-134,-97,-87,-85,-65,-40,-34,-30,-29,-22,3,17,34,64,59,34,20,26,54,68,83,103,113,96,73,58,60,57,20,23,58,90,106,105,105,105,90,67,58,57,11,-45,-61,-59,-46,-40,-38,-41,-58,-106,-141,-122,-86,-73,-60,-28,13,48,1
58,64,83,97,88,90,112,114,98,98,116,140,152,146,167,194,180,136,97,88,80,36,20,56,68,27,1,1,12,20,9,32,69,68,57,73,113,137,129,112,124,134,96,53,40,59,80,67,69,83,80,83,103,135,144,117,112,145,180,169,135,105,117,157,154,140,145,151,141,134,135,138,129,128,160,178,146,120,147,179,200,208,230,250,227,179,150,146,163,171,157,161,167,133,103,102,98,86,65,58,1
71,72,52,21,-4,2,22,37,40,9,-26,-41,-50,-74,-99,-121,-109,-70,-44,-44,-51,-55,-46,-25,-5,18,35,25,7,4,12,21,4,10,53,73,57,35,21,50,88,83,67,51,22,-3,-22,-20,-9,-35,-65,-72,-84,-117,-136,-139,-133,-129,-146,-142,-110,-107,-132,-140,-134,-113,-103,-92,-65,-34,-21,-11,-5,16,60,92,131,171,185,153,107,97,114,109,92,91,97,84,74,82,98,112,97,85,89,80,44,16,2,6,1
21,25,37,41,6,-21,-8,8,11,-1,3,24,26,8,-2,-22,-45,-60,-58,-27,1,-10,-34,-19,23,55,49,35,35,40,40,23,5,19,41,34,19,5,-27,-43,-7,65,122,118,96,112,160,183,152,109,112,144,156,169,184,168,136,102,84,76,59,55,74,84,69,68,72,69,64,39,54,88,74,33,17,23,17,-8,4,41,37,4,-3,-4,-2,19,28,34,44,39,25,21,19,19,26,53,84,96,72,66,1
76,96,106,97,96,93,71,25,-2,1,21,26,10,11,23,18,2,-5,-6,-24,-51,-37,-10,-25,-56,-77,-84,-74,-77,-98,-91,-70,-93,-137,-149,-133,-115,-119,-125,-121,-110,-103,-101,-110,-113,-108,-118,-100,-69,-77,-101,-108,-107,-105,-116,-102,-69,-56,-81,-103,-105,-78,-44,-36,-35,-29,-34,-35,-21,-8,-22,-53,-41,1,24,24,19,19,48,66,60,59,48,3,-37,-25,13,38,27,37,85,123,140,147,141,148,172,194,230,274,1
279,257,229,216,205,183,163,155,153,152,167,186,212,236,220,204,210,201,186,171,148,120,89,87,122,151,132,91,68,81,120,123,108,96,72,52,42,37,28,10,-2,20,54,45,18,10,50,90,83,71,77,82,55,21,7,19,32,36,65,107,118,89,53,45,70,84,98,114,106,86,86,86,81,59,54,76,102,90,60,53,68,73,58,58,74,65,26,5,11,28,36,19,20,44,50,36,28,33,57,71,1
68,73,70,39,10,7,34,57,44,33,39,55,60,51,32,26,20,19,40,51,38,22,6,3,12,26,59,88,65,2,-36,-25,11,32,29,34,38,42,67,87,91,85,71,71,85,91,76,67,57,45,23,-2,-3,3,-12,-17,-4,4,-6,-26,-7,27,35,5,-25,-36,-17,0,-4,1,18,7,-3,-14,-23,-33,-55,-38,1,-7,-56,-78,-71,-57,-65,-84,-86,-82,-88,-91,-91,-71,-36,-28,-34,-23,-6,7,20,29,1
20,-11,-34,-17,9,10,-10,-35,-30,-4,-3,-1,10,-7,-43,-55,-42,-27,-33,-45,-34,-22,-26,-27,-21,-29,-38,-49,-40,-19,-8,-22,-41,-44,-33,-27,-41,-27,11,56,64,43,40,61,72,73,84,76,44,11,3,10,35,40,34,27,9,-6,-13,-19,-4,19,26,37,29,-8,-52,-73,-71,-49,-38,-26,-24,-53,-81,-56,5,68,83,64,58,80,102,82,23,6,28,48,67,98,102,80,54,44,40,16,0,20,33,22,1
4,-5,-7,-26,-68,-67,-27,-9,-35,-57,-45,-4,16,-3,-8,6,-4,-26,-27,-22,-26,-54,-65,-29,-8,-17,-37,-49,-44,-40,-43,-20,17,16,-19,-38,-21,2,1,2,33,44,17,-12,-17,8,36,39,53,72,59,25,11,33,54,42,28,44,56,35,26,42,49,33,5,11,35,39,56,76,64,33,-2,-17,-5,-3,-33,-66,-82,-71,-61,-69,-44,-8,-11,-41,-74,-89,-77,-53,-20,13,37,35,9,-14,-14,-1,-3,6,1
35,43,32,26,26,23,23,33,67,102,90,59,53,44,21,-17,-28,-12,-5,-29,-60,-62,-51,-41,-30,-4,19,7,-19,-28,-26,-22,-28,-23,9,42,49,43,36,28,34,42,58,68,69,52,32,16,19,10,-7,-34,-68,-102,-110,-101,-102,-116,-139,-135,-129,-132,-139,-141,-142,-145,-140,-133,-121,-135,-162,-156,-123,-92,-61,-43,-28,-21,-27,-39,-52,-58,-55,-66,-87,-87,-72,-72,-65,-52,-43,-40,-43,-20,7,11,-1,-36,-54,-27,1
-5,3,10,21,32,41,39,23,10,6,35,89,105,71,37,42,59,60,72,102,104,59,1,-22,8,50,54,69,117,165,194,202,209,212,198,192,220,267,279,258,246,245,232,204,188,193,180,145,140,162,170,161,129,124,140,132,107,101,99,92,65,51,80,91,66,39,45,67,67,58,67,65,52,40,27,16,19,11,3,5,13,13,9,-2,-17,-28,-42,-37,-38,-70,-113,-147,-161,-162,-168,-196,-204,-174,-149,-137,1
-140,-137,-117,-103,-74,-42,-40,-29,-6,10,19,18,32,68,91,85,76,83,91,97,103,124,132,120,109,115,120,135,145,132,128,133,120,102,102,104,115,109,98,101,100,83,65,55,68,97,107,118,134,137,139,122,105,116,122,117,103,100,98,93,97,99,101,109,133,137,101,72,71,72,71,84,134,193,212,186,177,183,199,195,160,148,168,181,166,147,139,146,121,83,61,56,48,21,0,-2,-4,-30,-56,-68,1
-84,-86,-104,-142,-171,-187,-203,-211,-218,-234,-263,-300,-328,-339,-363,-371,-373,-392,-404,-396,-386,-382,-390,-387,-378,-360,-353,-347,-345,-338,-338,-347,-316,-278,-296,-325,-309,-274,-246,-231,-205,-152,-107,-98,-99,-106,-107,-113,-118,-84,-25,7,7,-5,-2,34,70,81,84,80,60,54,64,83,117,135,147,156,153,138,146,161,183,216,233,244,240,219,216,215,212,227,249,276,305,305,266,234,218,213,199,192,205,217,211,195,180,177,187,196,1
203,229,245,229,218,247,284,296,275,263,263,234,203,199,185,169,176,196,213,216,215,234,253,261,267,276,291,300,277,233,215,220,221,213,220,250,275,243,195,196,234,256,226,212,234,245,225,188,151,153,182,203,226,241,247,241,205,184,164,120,108,118,100,66,51,84,137,152,137,125,121,114,113,113,100,97,89,98,119,119,83,68,83,101,100,82,71,75,77,76,50,34,51,68,86,105,105,84,65,55,1
44,28,25,41,58,22,-35,-51,-36,-25,-38,-53,-60,-54,-35,-19,-5,-2,-4,-2,17,34,17,-6,-20,-27,-29,-36,-42,-26,-1,-10,-26,-34,-29,-34,-42,-28,-20,-52,-84,-91,-83,-62,-54,-53,-45,-22,-17,-20,-25,-42,-67,-113,-149,-168,-169,-132,-105,-94,-70,-40,-27,-11,17,19,-11,-40,-51,-36,-19,8,36,39,23,6,-9,-2,5,-12,-20,1,12,16,11,12,18,10,17,33,22,-12,-45,-62,-67,-68,-69,-54,-35,-52,1
-93,-131,-151,-141,-122,-98,-93,-116,-135,-140,-148,-139,-107,-70,-37,-30,-49,-30,9,11,-20,-57,-54,-20,1,-13,-33,-33,-26,-30,-27,-6,-2,-44,-114,-152,-131,-101,-132,-155,-149,-141,-157,-187,-210,-216,-213,-219,-215,-203,-229,-277,-312,-312,-269,-209,-145,-91,-67,-71,-77,-65,-34,-27,-77,-120,-105,-71,-59,-77,-114,-145,-170,-167,-119,-60,-14,10,33,60,86,80,60,55,64,68,75,75,73,77,103,145,151,115,84,86,116,135,129,132,1
148,144,118,112,116,136,153,164,193,226,232,232,225,204,213,233,256,277,289,279,275,267,264,264,252,234,210,168,146,148,156,185,201,195,173,139,115,105,85,55,24,17,38,56,54,41,37,42,51,39,22,16,19,19,9,-11,-27,-27,-26,0,25,10,-14,-26,-40,-69,-116,-134,-106,-71,-75,-90,-99,-101,-101,-109,-116,-114,-120,-124,-106,-88,-86,-84,-73,-67,-68,-81,-73,-71,-99,-133,-155,-148,-123,-126,-139,-137,-136,-130,1
-122,-100,-45,-7,-4,-2,27,39,24,-2,0,44,86,73,35,12,33,75,107,112,85,38,3,4,32,57,42,16,8,-1,-20,-33,-27,2,21,24,51,91,113,117,116,116,119,114,119,139,140,130,140,166,176,156,138,149,166,148,112,80,60,68,75,101,148,165,136,116,124,138,141,147,168,173,162,160,156,160,180,182,188,201,188,157,147,145,144,147,137,140,161,151,131,116,100,76,54,64,104,129,99,75,1
88,106,116,97,75,74,87,116,134,140,157,170,180,196,209,203,187,160,131,116,107,133,166,166,134,104,107,124,103,85,100,121,131,148,156,135,106,68,76,153,217,225,213,212,224,228,224,227,215,169,135,132,157,200,224,240,232,181,118,96,107,118,105,91,107,108,69,32,28,41,50,53,70,102,107,81,71,76,90,105,92,75,73,73,87,100,101,101,68,34,33,41,12,-21,-23,-1,23,22,29,42,1
44,43,20,-2,2,5,9,18,25,28,22,22,33,27,6,-2,10,21,8,-8,-20,-20,-10,5,17,8,-20,-40,-35,-12,-4,-19,-20,-21,-33,-50,-69,-82,-75,-81,-87,-70,-54,-72,-94,-108,-117,-122,-141,-135,-100,-81,-86,-100,-93,-67,-57,-74,-72,-51,-50,-61,-72,-68,-54,-57,-39,4,19,-13,-30,-13,2,-4,-30,-24,17,42,38,13,-3,3,-1,-13,-9,-5,-33,-44,-29,-5,10,7,6,19,18,1,-11,-19,-27,-29,1
1,32,21,-5,-23,-24,-8,-8,-25,-20,-20,-51,-75,-71,-50,-20,-11,-11,11,36,33,23,18,23,33,40,77,104,92,72,54,43,53,49,38,42,70,93,88,72,74,89,98,104,116,96,68,57,56,68,90,117,146,165,155,120,91,92,107,88,70,68,64,54,58,67,57,42,42,67,81,75,88,120,136,125,100,113,154,163,135,128,137,146,148,144,138,130,99,64,41,43,69,85,96,87,42,-23,-62,-36,1
26,57,51,67,105,123,115,104,104,100,88,93,106,98,73,60,57,49,18,2,29,67,82,77,58,41,48,57,69,65,41,33,43,54,66,65,56,80,105,86,55,44,64,91,80,61,64,74,108,151,152,133,124,119,130,150,145,102,69,58,67,80,88,99,86,52,27,22,37,34,6,4,10,-3,-21,-7,17,17,-7,-5,24,24,-7,-36,-45,-42,-27,-11,24,60,51,12,-5,9,42,37,4,-19,-18,-7,1
-10,-17,-23,-40,-65,-55,-22,-19,-43,-59,-58,-50,-38,-33,-25,-29,-50,-69,-75,-83,-93,-98,-56,-1,19,-6,-53,-91,-110,-131,-148,-145,-122,-121,-125,-115,-104,-108,-122,-106,-73,-75,-98,-101,-91,-74,-49,-36,-25,-17,-29,-56,-56,-26,-1,-18,-37,-23,-5,-9,-11,-19,-36,-27,-2,26,33,20,21,37,39,44,53,36,34,49,42,28,19,11,8,-3,-10,-22,-37,-38,-26,-13,-4,-28,-73,-87,-71,-50,-56,-59,-39,-13,8,32,1
40,37,22,6,-5,-10,-21,-5,49,72,43,24,28,32,9,-9,3,4,-34,-84,-103,-86,-56,-60,-68,-29,2,-6,-20,-22,-13,-3,-23,-28,-12,-34,-84,-103,-91,-84,-76,-65,-33,-26,-66,-90,-83,-53,-27,-22,-18,5,9,-7,-17,-21,-39,-57,-45,1,36,29,16,26,65,85,58,33,24,16,16,36,35,21,22,26,41,71,83,72,72,88,106,105,90,83,83,76,77,66,50,57,84,106,116,107,97,113,137,149,1
145,154,177,184,156,133,133,139,130,120,138,147,118,71,35,9,10,38,86,135,155,149,163,170,166,164,150,151,178,210,232,246,247,231,204,181,171,178,162,140,146,157,162,131,115,120,113,92,81,73,74,89,102,118,108,84,74,83,89,84,72,85,99,89,81,81,61,38,36,48,80,107,102,82,83,106,130,129,129,131,118,84,35,-5,-4,18,13,2,10,35,49,51,54,66,70,65,50,33,10,-18,1
-36,-43,-56,-73,-44,-6,-18,-42,-53,-39,-11,-19,-20,-2,11,1,-11,-22,-39,-42,-26,10,50,43,24,10,3,-25,-86,-140,-149,-105,-49,-21,-40,-59,-43,-11,18,20,-19,-54,-39,-6,0,-27,-50,-51,-53,-68,-74,-85,-91,-85,-68,-30,-4,-13,-42,-55,-41,-13,0,7,25,27,10,-12,-44,-57,-40,-26,4,39,48,38,37,44,56,58,49,48,37,-1,-22,-17,-1,6,8,18,32,52,52,52,75,98,90,82,97,100,1
64,27,22,44,71,67,57,68,80,81,83,87,75,57,42,44,58,39,5,1,43,99,101,81,74,90,101,90,59,48,60,71,89,105,90,74,65,57,53,39,24,49,85,83,52,12,8,33,37,38,42,37,34,29,25,16,1,17,49,54,28,11,20,39,56,53,69,91,92,73,57,67,100,88,60,70,80,64,64,54,41,42,53,81,107,113,99,87,85,75,57,70,120,144,113,81,70,74,69,50,1
50,64,55,17,-11,-11,5,13,16,27,37,34,35,25,16,19,19,42,91,103,68,49,57,68,56,42,48,53,45,43,33,11,0,-6,-1,-6,-40,-97,-102,-46,4,11,-1,28,69,53,21,19,21,18,1,-2,13,20,11,-9,-41,-60,-71,-76,-41,26,69,55,17,-10,-17,-19,-29,-34,-36,-52,-49,-33,-23,-22,-17,25,67,56,40,65,97,101,85,72,90,118,118,102,81,52,42,59,87,99,89,65,41,35,1
36,33,28,39,39,25,20,26,27,23,12,35,68,85,80,56,52,82,93,65,41,52,56,48,25,22,23,12,25,54,69,66,54,32,13,10,26,53,59,50,39,36,42,55,57,61,85,91,61,36,28,41,59,66,54,38,25,25,34,37,38,36,42,53,49,19,-4,-3,17,27,0,-21,-1,13,16,38,82,106,103,102,107,108,96,61,26,1,-11,-2,39,67,60,43,28,25,33,29,34,56,59,12,1
-41,-52,-25,-4,-8,0,27,39,33,33,37,35,25,35,76,98,64,26,24,29,29,22,39,58,44,19,17,24,26,18,10,25,25,-2,-14,-13,-10,-10,-27,-24,-9,5,11,-6,-12,5,26,35,37,44,55,59,52,37,38,49,51,44,35,20,8,17,35,27,10,18,38,23,-7,-9,4,12,21,50,84,97,88,84,82,92,107,114,117,105,87,76,81,92,87,50,22,42,81,84,77,70,73,80,68,74,1
92,69,16,-3,16,26,28,36,55,65,52,43,32,39,59,66,59,51,51,51,38,32,36,20,10,24,34,41,52,54,51,50,35,26,42,73,80,65,58,68,60,59,72,59,-8,-57,-42,-5,23,32,58,107,144,154,165,167,148,106,102,122,119,102,115,154,185,194,161,130,116,90,45,-2,-42,-61,-70,-61,-36,-34,-87,-148,-180,-196,-204,-230,-248,-242,-245,-265,-278,-291,-294,-282,-266,-252,-265,-281,-268,-252,-260,-266,1
-296,-294,-259,-251,-276,-282,-248,-203,-203,-229,-201,-140,-116,-120,-132,-168,-206,-222,-197,-141,-104,-98,-90,-60,-25,-3,-4,-4,-2,-25,-46,-37,-14,-6,-17,-24,-12,18,29,20,2,9,20,6,38,116,136,100,76,100,133,124,107,107,99,67,51,52,58,59,37,36,81,105,73,32,23,48,67,80,99,122,122,117,119,118,116,100,101,131,152,139,121,128,153,166,164,168,172,148,109,115,149,167,161,165,181,202,212,193,1
178,183,189,179,169,176,171,156,147,140,168,192,182,154,122,86,55,58,86,90,81,100,136,138,131,122,122,137,134,122,120,112,118,149,166,172,163,132,133,165,172,153,129,119,121,134,172,204,202,170,138,117,120,140,151,160,163,134,107,106,133,163,147,109,100,114,136,152,137,131,133,118,114,122,120,118,114,108,122,137,160,181,181,146,105,83,83,84,75,90,103,100,91,88,85,86,75,59,43,42,1
44,42,34,21,13,22,58,84,67,33,16,17,19,0,-2,32,70,98,120,128,105,61,12,-11,-12,-39,-89,-119,-123,-103,-70,-40,-11,0,-24,-43,-44,-42,-44,-55,-45,-5,12,-11,-34,-23,-8,-8,-35,-43,-22,-17,-34,-53,-52,-33,-22,-9,4,4,-10,-19,-20,-23,-26,-28,-9,6,-20,-71,-124,-145,-134,-102,-36,16,22,23,54,88,104,83,32,9,23,35,40,41,54,88,117,123,118,92,44,-2,-21,-13,-9,-21,1
-13,10,24,18,2,-1,21,39,43,49,41,12,-3,1,-2,-25,-62,-85,-73,-33,-17,-29,-45,-59,-77,-84,-74,-72,-99,-119,-134,-145,-134,-126,-107,-81,-81,-97,-92,-83,-90,-123,-126,-87,-71,-90,-100,-83,-66,-56,-65,-56,-20,1,0,-8,-13,-19,-34,-52,-50,-21,-3,-10,-20,-1,24,3,-8,8,18,-13,-73,-113,-116,-67,4,67,87,60,43,49,49,45,37,20,-5,-30,-27,5,22,25,23,22,24,33,44,50,49,59,1
68,51,58,72,52,41,69,84,71,50,26,36,73,73,32,4,7,23,26,36,67,89,74,50,45,58,54,27,26,65,85,69,54,55,60,68,74,87,101,97,86,89,101,116,107,96,97,92,65,27,18,35,53,76,107,100,64,43,51,65,76,57,52,64,53,32,24,32,54,67,53,52,57,36,34,69,103,93,60,74,107,103,65,38,33,41,42,26,22,25,35,51,56,40,6,-23,1,53,73,51,1
29,19,10,10,-1,3,25,26,13,7,17,38,43,42,44,23,0,9,33,27,1,-20,-6,43,75,66,39,22,23,36,51,59,51,18,-8,-1,29,64,76,52,7,-4,8,11,-4,-28,-52,-45,-14,1,-20,-52,-85,-91,-61,-49,-39,-21,-21,-26,-10,11,-7,-46,-44,-18,-23,-68,-100,-99,-77,-54,-39,-11,3,-6,-28,-53,-68,-43,-25,-29,-38,-42,-36,-24,-11,-3,-3,-9,5,29,40,24,0,-6,2,5,-6,-25,1
-22,-9,0,4,16,25,21,20,32,22,5,-3,-11,-9,-6,-12,-6,4,-6,-14,-42,-46,-9,4,-5,-22,-41,-58,-61,-45,-22,-13,-19,-14,2,12,11,1,-17,-25,-21,-1,29,42,26,13,44,105,133,101,61,59,54,34,20,3,-5,-10,1,42,84,89,72,52,55,75,76,85,98,83,54,35,17,-18,-37,-8,43,74,52,16,19,57,83,68,45,37,22,-3,-25,-28,2,35,40,53,65,60,71,82,80,80,1
72,74,97,103,90,84,91,102,104,96,89,90,97,104,100,83,76,83,125,171,156,107,86,86,85,73,54,57,75,72,61,64,60,68,75,91,102,84,55,40,55,66,54,43,56,69,75,71,65,43,23,20,40,65,66,29,12,28,40,37,35,58,81,80,67,54,48,38,27,37,52,65,57,41,20,12,27,40,66,89,77,38,12,34,75,82,51,28,24,24,33,23,2,-19,-44,-49,-23,-18,-33,-49,1
-52,-41,-26,0,23,34,11,-9,-22,-12,-6,-21,-14,12,23,23,35,40,24,2,-20,-7,32,49,33,2,-6,-2,-3,13,37,32,5,-33,-40,-2,23,26,41,33,-3,-14,-11,-9,-3,-20,-28,-1,11,-4,-14,2,20,20,10,32,49,48,43,34,16,5,-1,17,44,52,42,59,91,105,97,83,77,82,71,52,45,56,67,67,73,90,99,100,101,83,59,37,21,42,76,70,28,3,6,32,37,32,43,67,1
75,65,52,60,76,72,80,91,96,91,70,48,51,55,64,77,82,66,55,64,68,57,39,48,76,86,68,53,51,37,12,16,50,61,38,18,12,8,16,34,57,60,42,24,10,19,54,68,59,69,85,83,52,16,9,32,32,50,74,61,28,0,-12,-8,-10,-23,-18,-2,1,2,-6,-19,-29,-43,-38,-13,-9,-25,-34,-29,-6,20,22,37,74,74,41,29,48,71,71,65,59,56,56,55,52,57,59,61,1
55,24,-5,10,55,80,75,56,55,83,114,98,49,9,21,44,52,76,100,80,54,39,25,3,-26,-19,17,24,-3,-12,18,56,64,50,74,115,112,84,64,54,56,42,36,53,69,50,40,61,89,91,65,58,72,80,86,80,52,28,22,32,52,56,34,25,45,66,72,69,65,73,92,89,64,53,70,71,67,75,65,21,-35,-60,-46,2,53,89,114,113,84,57,35,7,-7,0,38,72,69,50,37,48,1
58,24,-20,-35,-23,-14,6,39,48,37,16,17,34,26,17,1,-13,1,18,18,28,41,12,-23,-43,-45,-41,-38,-17,7,-3,-27,-42,-39,-10,3,0,4,17,17,16,25,34,32,26,40,59,43,-3,-35,-27,9,34,34,39,58,65,74,90,65,18,-18,-10,36,70,69,54,36,24,20,35,58,60,23,-2,4,12,27,35,35,13,-11,-18,3,20,21,7,-7,0,23,23,12,-4,-13,-11,-10,1,4,-5,-4,1
5,11,29,50,58,81,87,72,55,44,57,85,84,86,106,119,107,73,51,51,65,86,115,128,106,83,84,87,72,40,40,68,68,45,49,65,69,53,21,17,42,67,69,57,51,44,35,55,85,71,22,0,5,20,35,49,52,43,27,7,-2,4,24,20,8,22,38,33,16,6,8,13,8,11,23,21,9,-5,-12,-8,-9,-2,20,26,2,-28,-42,-43,-50,-66,-43,26,88,92,69,50,58,70,73,84,1
74,37,11,20,59,91,88,81,67,54,50,39,27,34,32,26,40,44,16,-11,-12,4,17,26,73,129,145,131,114,108,120,117,98,76,71,75,87,104,108,102,90,103,123,122,101,65,41,55,59,54,68,83,58,32,2,-13,5,20,35,68,73,37,13,34,49,32,16,21,41,56,51,33,34,52,58,67,66,40,21,27,35,37,42,51,65,82,80,69,71,67,52,51,74,89,85,71,54,48,57,66,1
53,48,44,42,33,18,9,16,13,28,57,51,7,-27,-36,-25,-7,25,56,53,20,1,11,26,39,26,19,27,26,-5,-27,-20,-13,-27,-56,-41,6,10,-20,-17,-2,0,-8,7,49,65,60,49,32,27,32,35,55,65,52,53,75,106,136,138,149,198,257,263,234,211,230,240,209,199,225,246,229,203,188,188,193,170,138,104,59,32,21,12,7,-4,-17,-34,-67,-114,-136,-135,-147,-185,-220,-229,-204,-199,-231,-249,1
-235,-227,-251,-261,-233,-215,-230,-230,-217,-222,-238,-248,-235,-218,-216,-216,-215,-221,-229,-242,-227,-184,-148,-156,-197,-215,-181,-141,-139,-113,-68,-65,-84,-76,-59,-55,-82,-84,-38,6,12,-3,-8,6,20,13,12,16,12,9,2,9,24,22,17,11,8,27,72,103,96,83,82,106,128,107,69,44,59,113,144,138,150,163,150,128,104,96,102,101,88,91,104,81,40,13,10,22,52,91,101,100,113,117,118,119,101,108,128,120,1
96,97,121,138,139,131,122,139,151,130,82,49,65,88,88,70,55,36,21,26,43,41,20,25,40,42,35,24,16,17,9,-7,-9,10,13,4,-1,2,36,64,74,80,58,26,12,18,28,49,74,80,51,39,51,48,21,-4,-8,28,76,93,76,48,43,66,58,35,36,43,25,10,20,37,48,29,20,49,65,51,34,21,22,33,59,93,90,43,4,23,44,26,-5,8,61,76,32,-26,-27,17,35,19,1
33,59,51,22,16,40,66,48,41,71,88,76,52,24,22,33,33,41,40,20,18,36,51,41,27,66,123,118,82,55,25,7,5,7,38,59,43,39,56,70,68,72,91,115,107,81,67,83,112,103,59,53,83,99,100,108,120,135,129,108,114,120,106,101,90,59,19,6,53,113,139,161,169,160,146,134,133,132,117,71,25,22,68,117,115,83,68,38,5,-3,3,19,20,12,22,50,56,39,19,28,1
72,107,131,137,125,105,96,97,93,80,87,122,136,103,69,50,39,38,17,6,21,33,40,41,41,39,27,26,52,71,57,34,21,33,45,42,54,80,84,70,57,56,82,109,107,109,132,124,85,76,90,98,89,83,73,55,42,59,93,119,113,101,124,150,128,84,50,38,55,74,81,71,59,51,49,60,83,91,91,102,114,105,80,53,54,88,106,97,74,53,44,54,66,64,32,3,10,24,22,27,1
28,4,-22,-34,-19,3,13,2,-11,-5,8,-2,-21,9,49,36,21,19,35,45,34,41,55,50,33,26,18,11,25,36,40,49,56,51,48,49,44,28,5,6,32,37,20,-17,-55,-69,-61,-37,-11,-23,-51,-55,-43,-44,-66,-77,-74,-69,-76,-86,-75,-56,-49,-55,-50,-41,-43,-41,-38,-30,-22,-28,-29,-9,16,17,-4,-27,-35,-20,-10,13,43,34,-3,-26,-22,-9,-3,0,9,10,-14,-40,-57,-56,-35,3,43,60,1
54,42,41,49,56,50,13,-10,-2,22,40,41,32,21,-3,-22,-8,18,13,2,1,-1,-10,-21,-7,9,5,0,2,3,3,4,8,29,65,66,38,22,25,38,53,80,77,40,16,21,21,16,10,12,19,16,-9,-23,-4,21,23,12,25,58,74,57,39,34,28,16,-1,6,26,29,25,9,6,19,3,-7,-2,-1,-19,-45,-41,-10,2,0,13,37,32,7,-8,-10,-9,-11,-25,-38,-46,-46,-33,-26,-28,-27,1
-21,-2,11,-3,-30,-52,-54,-40,-42,-33,-11,-20,-49,-56,-46,-27,-28,-65,-73,-37,-7,-10,-27,-39,-42,-49,-37,1,29,6,-36,-56,-71,-88,-93,-50,26,60,27,-26,-38,10,50,55,41,13,-8,-9,2,12,23,38,59,65,43,45,60,66,54,32,21,27,27,5,-25,-29,9,59,65,52,50,35,16,6,1,0,1,18,43,50,34,19,20,32,27,-4,-21,5,32,28,29,26,9,-4,10,45,56,36,19,22,1
51,77,70,59,81,92,76,54,69,92,91,85,100,114,96,68,53,59,76,77,88,104,113,92,48,13,27,42,29,24,41,37,29,36,39,53,48,42,45,40,19,-2,16,64,76,57,64,91,102,105,109,113,112,99,109,136,135,104,64,39,45,61,69,84,100,99,87,84,99,118,129,123,121,148,165,147,101,68,49,25,24,35,24,13,18,33,40,33,34,51,50,20,2,11,29,26,10,19,23,7,1
6,26,52,75,87,75,68,84,85,54,32,34,42,33,40,74,81,44,18,18,39,41,27,43,81,72,49,49,60,58,37,34,57,83,69,34,8,-3,0,16,27,32,27,32,34,34,48,74,116,133,100,50,18,7,7,5,6,33,69,53,10,-6,2,16,5,-4,5,1,-18,-25,-24,-29,-46,-62,-43,5,41,57,58,53,53,40,34,38,41,33,24,24,36,44,54,67,70,50,10,-18,-20,-12,-29,-41,1
-19,4,6,11,29,48,40,28,41,56,40,16,7,22,43,33,11,11,21,17,-2,-14,4,28,35,45,48,16,-29,-46,-34,-12,-10,-2,28,34,-3,-35,-19,6,1,-10,17,59,70,55,42,38,28,10,4,26,52,37,9,17,39,37,17,20,38,49,54,60,56,48,42,52,58,45,23,21,29,33,19,-10,-19,-10,-9,-6,3,2,-2,-2,2,12,35,33,-4,-30,-19,11,10,1,13,29,22,13,18,24,1
35,36,52,75,80,61,51,40,23,9,22,42,44,64,90,99,81,56,48,66,71,50,32,37,50,52,41,29,36,40,16,-4,13,69,117,108,102,118,114,96,97,86,45,8,12,57,98,89,50,18,25,57,71,88,114,102,41,-9,-1,52,75,65,77,131,148,119,89,71,59,55,67,71,58,58,75,86,99,83,41,36,68,87,97,104,104,103,91,82,72,65,54,67,75,57,50,64,89,107,90,69,1
65,80,106,96,61,43,39,26,26,40,54,66,58,55,73,66,44,43,61,64,17,25,101,136,101,49,27,45,76,96,113,121,97,65,64,82,86,80,76,69,43,22,8,10,24,21,-3,12,53,40,7,3,17,20,4,-6,4,10,-7,-28,-33,-26,-18,-17,-2,26,42,35,5,-20,-17,-2,-3,-3,9,4,-20,-24,-8,1,-21,-24,22,51,19,-23,-37,-29,-30,-33,-20,-5,3,0,-1,12,9,-19,-11,25,1
20,-23,-39,-23,-17,-34,-39,-24,-11,-18,-26,-37,-43,-39,-40,-41,-37,-41,-56,-70,-65,-57,-82,-114,-90,-44,-42,-77,-122,-122,-75,-29,-2,10,-4,-38,-57,-55,-37,-28,-41,-54,-60,-65,-30,19,41,18,-22,-43,-46,-44,-40,-39,-57,-92,-108,-71,-10,7,-29,-74,-92,-97,-88,-74,-57,-45,-36,-24,-3,9,-3,-21,-50,-62,-53,-40,-45,-60,-58,-51,-44,-21,6,17,6,-2,-6,-11,-5,-10,-18,-14,-25,-38,-54,-55,-27,-17,1
-25,-41,-56,-54,-22,16,41,58,52,49,67,77,60,28,4,-4,-4,2,24,52,27,-23,-38,-11,3,-7,-3,12,0,-22,-25,-11,11,22,21,35,59,57,48,32,2,-22,-20,18,53,55,41,35,39,53,60,56,60,57,40,41,84,122,108,73,80,114,121,99,72,50,55,98,121,122,103,74,66,83,102,114,101,90,99,105,101,98,82,53,36,49,98,134,124,90,64,59,58,52,59,81,88,71,53,49,1
61,70,64,96,148,155,115,66,50,66,65,65,85,98,83,50,28,59,96,72,38,28,34,37,43,50,57,57,59,83,96,69,35,33,32,16,4,20,52,58,36,10,23,57,55,21,10,26,28,9,0,2,-1,-7,6,34,34,20,8,-4,-11,-10,-19,-17,-12,-20,-18,-7,6,40,55,70,84,86,71,48,48,60,65,48,52,75,72,45,24,32,41,32,39,74,104,101,74,50,48,52,43,48,42,19,1
-2,-7,-13,-27,-45,-49,-25,5,23,11,-11,-2,43,71,99,121,105,67,54,73,93,99,103,116,118,102,76,61,68,80,69,74,85,57,28,52,84,74,28,18,77,138,120,87,98,136,149,112,97,105,100,76,54,19,-37,-73,-53,-18,-7,-5,-4,-21,-38,-51,-70,-65,-38,-41,-84,-121,-113,-60,-20,-4,10,42,45,12,-21,-40,-40,-34,-19,-1,18,26,29,32,36,38,29,25,41,41,18,23,66,114,117,92,1
73,66,65,72,55,48,74,96,105,114,108,99,71,43,56,74,84,97,109,107,89,82,92,97,115,162,177,153,125,122,118,93,58,43,38,18,-8,16,85,125,108,64,71,123,152,129,100,89,82,67,42,53,97,106,72,44,40,34,17,21,28,26,2,-27,-28,-2,6,7,26,50,32,-7,-24,-5,32,40,43,53,44,32,22,9,2,-14,-23,4,38,33,-7,-37,-29,-9,-6,5,35,36,5,-7,12,40,1
41,29,32,33,24,17,-4,-17,-2,18,42,76,80,57,59,73,89,97,87,67,44,28,26,35,39,19,-11,-18,2,11,20,24,11,3,6,7,21,38,20,-18,-34,-23,-12,-34,-45,-21,-5,-50,-103,-98,-52,-25,-27,-29,-21,-29,-57,-72,-61,-54,-56,-44,-13,8,10,10,0,-9,-11,-29,-37,-21,-2,12,44,70,58,39,42,83,102,76,61,88,129,140,119,112,121,121,108,88,58,84,139,183,200,208,210,211,1
235,278,274,211,170,176,185,193,186,178,160,122,71,42,48,51,22,-19,-53,-75,-62,-26,-10,-30,-92,-155,-163,-138,-135,-155,-181,-187,-179,-189,-211,-226,-258,-274,-251,-229,-241,-266,-274,-268,-265,-298,-334,-326,-302,-321,-355,-385,-390,-363,-324,-278,-248,-241,-245,-241,-220,-188,-178,-215,-246,-225,-209,-217,-212,-202,-216,-234,-222,-187,-150,-139,-153,-146,-102,-72,-71,-69,-54,-39,-44,-55,-58,-49,-55,-51,-22,-6,-22,-22,-1,18,35,26,37,84,1
114,87,51,42,61,65,58,66,68,43,19,8,27,51,36,11,8,7,16,40,66,77,66,75,106,122,129,132,122,104,108,131,165,185,181,157,133,119,124,147,169,203,228,201,171,188,230,252,241,242,266,273,253,227,208,213,225,217,219,202,154,135,167,205,230,225,218,236,246,242,240,219,188,169,167,182,208,192,145,117,118,139,154,164,180,185,171,179,186,193,169,125,120,132,132,118,104,114,130,124,1
129,135,139,139,129,99,52,35,49,73,73,41,25,60,113,118,71,28,24,25,6,-24,-49,-66,-73,-76,-60,-52,-71,-87,-100,-106,-103,-119,-120,-76,-38,-37,-49,-68,-76,-54,-29,3,17,-9,-28,-26,-17,7,18,22,57,96,93,75,88,109,108,86,59,36,22,38,56,60,45,25,20,59,100,88,54,24,7,4,7,26,40,23,1,-9,-12,-20,-35,-36,-6,22,7,-20,-21,1,-1,-36,-55,-33,-8,-18,-29,-13,1
22,53,59,53,55,66,76,71,48,67,106,114,101,90,60,26,6,2,9,6,-11,-28,-45,-36,-36,-42,-11,27,43,28,-7,-26,-9,-2,-33,-87,-119,-100,-51,-29,-51,-91,-119,-116,-89,-69,-50,-40,-55,-74,-91,-91,-82,-91,-88,-51,-27,-22,-27,-27,-2,23,32,39,40,22,11,12,26,49,56,55,60,65,48,36,55,76,82,90,114,130,121,97,72,60,55,42,57,86,101,113,122,123,116,116,118,124,122,100,1
